INSERT INTO "PROYECTO"."ITR" (ID, DEPARTAMENTO, NOMBRE) VALUES ('1', 'Durazno', 'Durazno [Centro Sur]');
INSERT INTO "PROYECTO"."ITR" (ID, DEPARTAMENTO, NOMBRE) VALUES ('2', 'Rio Negro', 'FrayBentos [ITR Suroeste]');
INSERT INTO "PROYECTO"."ITR" (ID, DEPARTAMENTO, NOMBRE) VALUES ('3', 'San Jose', 'Sede Utec San Jose [ITR Suroeste]');
INSERT INTO "PROYECTO"."ITR" (ID, DEPARTAMENTO, NOMBRE) VALUES ('4', 'Maldonado', 'Cure de Maldonado [ITR Suroeste]');
INSERT INTO "PROYECTO"."ITR" (ID, DEPARTAMENTO, NOMBRE) VALUES ('5', 'Colonia', 'La paz [ITR Suroeste]');
INSERT INTO "PROYECTO"."ITR" (ID, DEPARTAMENTO, NOMBRE) VALUES ('6', 'Mercedes', 'Sede Mercedes [ITR Suroeste]');
INSERT INTO "PROYECTO"."ITR" (ID, DEPARTAMENTO, NOMBRE) VALUES ('7', 'Colonia', 'Nueva Helvecia [ITR Suroeste]');
INSERT INTO "PROYECTO"."ITR" (ID, DEPARTAMENTO, NOMBRE) VALUES ('8', 'Paysandu', 'Polo tecnologico Paysandu [ITR Suroeste]');
INSERT INTO "PROYECTO"."ITR" (ID, DEPARTAMENTO, NOMBRE) VALUES ('9', 'Rivera', 'Rivera [ITR Norte]');
INSERT INTO "PROYECTO"."ITR" (ID, DEPARTAMENTO, NOMBRE) VALUES ('10', 'Lavalleja', 'Minas [ITR Este]');


INSERT INTO "PROYECTO"."ROLES" (ID, DESCRIPCION, NOMBRE) VALUES ('1', 'Rol de usuario estudiante', 'ESTUDIANTE');
INSERT INTO "PROYECTO"."ROLES" (ID, DESCRIPCION, NOMBRE) VALUES ('2', 'Rol de usuario analista', 'ANALISTA');
INSERT INTO "PROYECTO"."ROLES" (ID, DESCRIPCION, NOMBRE) VALUES ('3', 'Rol de usuario tutor', 'TUTOR');


INSERT INTO "PROYECTO"."USUARIO" (U_TIPO, ID, APELLIDOS, CONTRASENIA, DEPARTAMENTO, DOCUMENTO, FECHA_NACIMIENTO, GENERO, MAIL, NOMBRES, TELEFONO, USUARIO, GENERACION, ID_ITR,VALIDADO ,ID_ROL) 
VALUES ('ESTUDIANTE', '1', 'Asuaga', '123456', 'Montevideo', '12345678', TO_TIMESTAMP('1986-09-27 20:18:10.209000000', 'YYYY-MM-DD HH24:MI:SS.FF'), 'M', 'jasuaga@gmail.com', 'Javier', '098195890', 'jasuaga', 2022, '1',1,1);
INSERT INTO "PROYECTO"."USUARIO" (U_TIPO, ID, ACTIVO, APELLIDOS, CONTRASENIA, DEPARTAMENTO, DOCUMENTO, FECHA_NACIMIENTO, GENERO, LOCALIDAD, MAIL, MAIL_PERSONAL, NOMBRES, TELEFONO, USUARIO, VALIDADO, AREA, TIPO, ID_ITR, ID_ROL)
VALUES ('TUTOR', '4', '1', 'Rocha', '12345', 'Rocha', '12345678', TO_TIMESTAMP('1955-01-12 00:00:00.000000000', 'YYYY-MM-DD HH24:MI:SS.FF'), 'M', 'La Paloma', 'drocha@tutor.utec.edu.uy', 'drocha@gmail.com', 'Dario', '095111222', 'drocha', '1', '1', '1', '1', '3')
INSERT INTO "PROYECTO"."USUARIO" (U_TIPO, ID, ACTIVO, APELLIDOS, CONTRASENIA, DEPARTAMENTO, DOCUMENTO, FECHA_NACIMIENTO, GENERO, MAIL, NOMBRES, TELEFONO, USUARIO, GENERACION, ID_ITR,VALIDADO ,ID_ROL) 
VALUES ('ESTUDIANTE', '5','1', 'Alonso', '123456', 'Montevideo', '12345679', TO_TIMESTAMP('1911-01-21 20:18:10.209000000', 'YYYY-MM-DD HH24:MI:SS.FF'), 'M', 'alonso@gmail.com', 'Martin', '098195890', 'malonso', 2022, '2',1,1);
INSERT INTO "PROYECTO"."USUARIO" (U_TIPO, ID, ACTIVO, APELLIDOS, CONTRASENIA, DEPARTAMENTO, DOCUMENTO, FECHA_NACIMIENTO, GENERO, MAIL, NOMBRES, TELEFONO, USUARIO, GENERACION, ID_ITR,VALIDADO ,ID_ROL)  
VALUES ('ESTUDIANTE', '6','1', 'Fernandez', '123456', 'Montevideo', '12345610', TO_TIMESTAMP('1990-03-05 20:18:10.209000000', 'YYYY-MM-DD HH24:MI:SS.FF'), 'M', 'fernandes@gmail.com', 'Esteban', '098195890', 'efernandez', 2022, '3',1,1);
INSERT INTO "PROYECTO"."USUARIO" (U_TIPO, ID, ACTIVO, APELLIDOS, CONTRASENIA, DEPARTAMENTO, DOCUMENTO, FECHA_NACIMIENTO, GENERO, MAIL, NOMBRES, TELEFONO, USUARIO, GENERACION, ID_ITR,VALIDADO ,ID_ROL)  
VALUES ('ANALISTA', '7','1','Gonzalez', '123456', 'Montevideo', '12345611', TO_TIMESTAMP('1990-03-05 20:18:10.209000000', 'YYYY-MM-DD HH24:MI:SS.FF'), 'M', 'ggonzalez@gmail.com', 'Gaby', '09819581', 'ggonzalez', 2022, '1',1,2);
INSERT INTO "PROYECTO"."USUARIO" (U_TIPO, ID, ACTIVO, APELLIDOS, CONTRASENIA, DEPARTAMENTO, DOCUMENTO, FECHA_NACIMIENTO, GENERO, LOCALIDAD, MAIL, MAIL_PERSONAL, NOMBRES, TELEFONO, USUARIO, VALIDADO, AREA, TIPO, ID_ITR, ID_ROL)
VALUES ('TUTOR', '8', '1', 'Gervacio', '12345', 'Montevideo', '12345612', TO_TIMESTAMP('1970-05-21 00:00:00.000000000', 'YYYY-MM-DD HH24:MI:SS.FF'), 'M', 'La Cumparsita', 'mgervacio@tutor.utec.edu.uy', 'mgervacio@gmail.com', 'Mario', '095111333', 'mgervacio', '1', '1', '1', '1', '3')
INSERT INTO "PROYECTO"."USUARIO" (U_TIPO, ID, APELLIDOS, CONTRASENIA, DEPARTAMENTO, DOCUMENTO, FECHA_NACIMIENTO, GENERO, MAIL, NOMBRES, TELEFONO, USUARIO,  ID_ITR,VALIDADO ,ID_ROL ,ACTIVO) VALUES ('ANALISTA',USUARIO_SEQ.nextval,'Valencia','123456','Montevideo','16589855',TO_TIMESTAMP('1992-12-08 00:00:00.000000000', 'YYYY-MM-DD HH24:MI:SS.FF'),'F','romina.valencia@analista.utec.edu.uy','Luciana','99123539','usuadmin2','3','0','1','1');
INSERT INTO "PROYECTO"."USUARIO" (U_TIPO, ID, APELLIDOS, CONTRASENIA, DEPARTAMENTO, DOCUMENTO, FECHA_NACIMIENTO, GENERO, MAIL, NOMBRES, TELEFONO, USUARIO,  ID_ITR,VALIDADO ,ID_ROL ,ACTIVO) VALUES ('ANALISTA',USUARIO_SEQ.nextval,'Rangel','123456','Montevideo','16589856',TO_TIMESTAMP('1990-01-10 00:00:00.000000000', 'YYYY-MM-DD HH24:MI:SS.FF'),'F','alan.rangel@analista.utec.edu.uy','Fernando','99123540','usuadmin3','3','1','1','1');
INSERT INTO "PROYECTO"."USUARIO" (U_TIPO, ID, APELLIDOS, CONTRASENIA, DEPARTAMENTO, DOCUMENTO, FECHA_NACIMIENTO, GENERO, MAIL, NOMBRES, TELEFONO, USUARIO,  ID_ITR,VALIDADO ,ID_ROL ,ACTIVO) VALUES ('ANALISTA',USUARIO_SEQ.nextval,'Arias','123456','Montevideo','16589857',TO_TIMESTAMP('1995-03-15 00:00:00.000000000', 'YYYY-MM-DD HH24:MI:SS.FF'),'F','amalia.arias@analista.utec.edu.uy','Alma','99123541','usuadmin4','3','0','1','1');
INSERT INTO "PROYECTO"."USUARIO" (U_TIPO, ID, APELLIDOS, CONTRASENIA, DEPARTAMENTO, DOCUMENTO, FECHA_NACIMIENTO, GENERO, MAIL, NOMBRES, TELEFONO, USUARIO,  ID_ITR,VALIDADO ,ID_ROL ,ACTIVO) VALUES ('ANALISTA',USUARIO_SEQ.nextval,'Miranda','123456','Montevideo','16589858',TO_TIMESTAMP('1984-07-01 00:00:00.000000000', 'YYYY-MM-DD HH24:MI:SS.FF'),'F','omar.miranda@analista.utec.edu.uy','Santiago','99123542','usuadmin5','3','1','1','1');
INSERT INTO "PROYECTO"."USUARIO" (U_TIPO, ID, APELLIDOS, CONTRASENIA, DEPARTAMENTO, DOCUMENTO, FECHA_NACIMIENTO, GENERO, MAIL, NOMBRES, TELEFONO, USUARIO,  ID_ITR,VALIDADO ,ID_ROL ,ACTIVO) VALUES ('ANALISTA',USUARIO_SEQ.nextval,'Corona','123456','Canelones','16589859',TO_TIMESTAMP('1993-11-23 00:00:00.000000000', 'YYYY-MM-DD HH24:MI:SS.FF'),'F','isidora.corona@analista.utec.edu.uy','Paloma','99123543','usuadmin6','3','0','1','1');
INSERT INTO "PROYECTO"."USUARIO" (U_TIPO, ID, APELLIDOS, CONTRASENIA, DEPARTAMENTO, DOCUMENTO, FECHA_NACIMIENTO, GENERO, MAIL, NOMBRES, TELEFONO, USUARIO,  ID_ITR,VALIDADO ,ID_ROL ,ACTIVO) VALUES ('ANALISTA',USUARIO_SEQ.nextval,'Fierro','123456','Canelones','16589860',TO_TIMESTAMP('1982-04-16 00:00:00.000000000', 'YYYY-MM-DD HH24:MI:SS.FF'),'F','raúl.fierro@analista.utec.edu.uy','Emiliano','99123544','usuadmin7','3','1','1','1');
INSERT INTO "PROYECTO"."USUARIO" (U_TIPO, ID, APELLIDOS, CONTRASENIA, DEPARTAMENTO, DOCUMENTO, FECHA_NACIMIENTO, GENERO, MAIL, NOMBRES, TELEFONO, USUARIO,  ID_ITR,VALIDADO ,ID_ROL ,ACTIVO) VALUES ('ANALISTA',USUARIO_SEQ.nextval,'Sandoval','123456','Canelones','16589861',TO_TIMESTAMP('1996-08-08 00:00:00.000000000', 'YYYY-MM-DD HH24:MI:SS.FF'),'F','ema.sandoval@analista.utec.edu.uy','Noelia','99123545','usuadmin8','3','0','1','1');
INSERT INTO "PROYECTO"."USUARIO" (U_TIPO, ID, APELLIDOS, CONTRASENIA, DEPARTAMENTO, DOCUMENTO, FECHA_NACIMIENTO, GENERO, MAIL, NOMBRES, TELEFONO, USUARIO,  ID_ITR,VALIDADO ,ID_ROL ,ACTIVO) VALUES ('ANALISTA',USUARIO_SEQ.nextval,'Ramírez','123456','Canelones','16589862',TO_TIMESTAMP('1988-02-02 00:00:00.000000000', 'YYYY-MM-DD HH24:MI:SS.FF'),'F','gaspar.ramírez@analista.utec.edu.uy','Gaspar','99123546','usuadmin9','3','1','1','1');
INSERT INTO "PROYECTO"."USUARIO" (U_TIPO, ID, APELLIDOS, CONTRASENIA, DEPARTAMENTO, DOCUMENTO, FECHA_NACIMIENTO, GENERO, MAIL, NOMBRES, TELEFONO, USUARIO,  ID_ITR,VALIDADO ,ID_ROL ,ACTIVO) VALUES ('ANALISTA',USUARIO_SEQ.nextval,'Esparza','123456','Canelones','16589863',TO_TIMESTAMP('1992-05-26 00:00:00.000000000', 'YYYY-MM-DD HH24:MI:SS.FF'),'F','carmen.esparza@analista.utec.edu.uy','Carmen','99123547','usuadmin10','3','0','1','1');
INSERT INTO "PROYECTO"."USUARIO" (U_TIPO, ID, APELLIDOS, CONTRASENIA, DEPARTAMENTO, DOCUMENTO, FECHA_NACIMIENTO, GENERO, MAIL, NOMBRES, TELEFONO, USUARIO,  ID_ITR,VALIDADO ,ID_ROL ,ACTIVO) VALUES ('ANALISTA',USUARIO_SEQ.nextval,'Robles','123456','Canelones','16589864',TO_TIMESTAMP('1986-09-27 00:00:00.000000000', 'YYYY-MM-DD HH24:MI:SS.FF'),'F','leonel.robles@analista.utec.edu.uy','Leonel','99123548','usuadmin11','3','1','1','1');
INSERT INTO "PROYECTO"."USUARIO" (U_TIPO, ID, APELLIDOS, CONTRASENIA, DEPARTAMENTO, DOCUMENTO, FECHA_NACIMIENTO, GENERO, MAIL, NOMBRES, TELEFONO, USUARIO,  ID_ITR,VALIDADO ,ID_ROL ,ACTIVO) VALUES ('ANALISTA',USUARIO_SEQ.nextval,'Escobedo','123456','Canelones','16589865',TO_TIMESTAMP('1989-12-03 00:00:00.000000000', 'YYYY-MM-DD HH24:MI:SS.FF'),'F','romina.escobedo@analista.utec.edu.uy','Romina','99123549','usuadmin12','4','0','1','1');
INSERT INTO "PROYECTO"."USUARIO" (U_TIPO, ID, APELLIDOS, CONTRASENIA, DEPARTAMENTO, DOCUMENTO, FECHA_NACIMIENTO, GENERO, MAIL, NOMBRES, TELEFONO, USUARIO,  ID_ITR,VALIDADO ,ID_ROL ,ACTIVO) VALUES ('ANALISTA',USUARIO_SEQ.nextval,'Franco','123456','Canelones','16589866',TO_TIMESTAMP('1994-01-29 00:00:00.000000000', 'YYYY-MM-DD HH24:MI:SS.FF'),'F','alan.franco@analista.utec.edu.uy','Alan','99123550','usuadmin13','4','1','1','1');
INSERT INTO "PROYECTO"."USUARIO" (U_TIPO, ID, APELLIDOS, CONTRASENIA, DEPARTAMENTO, DOCUMENTO, FECHA_NACIMIENTO, GENERO, MAIL, NOMBRES, TELEFONO, USUARIO,  ID_ITR,VALIDADO ,ID_ROL ,ACTIVO) VALUES ('ANALISTA',USUARIO_SEQ.nextval,'Galván','123456','Canelones','16589867',TO_TIMESTAMP('1987-06-12 00:00:00.000000000', 'YYYY-MM-DD HH24:MI:SS.FF'),'F','amalia.galván@analista.utec.edu.uy','Amalia','99123551','usuadmin14','4','0','1','1');
INSERT INTO "PROYECTO"."USUARIO" (U_TIPO, ID, APELLIDOS, CONTRASENIA, DEPARTAMENTO, DOCUMENTO, FECHA_NACIMIENTO, GENERO, MAIL, NOMBRES, TELEFONO, USUARIO,  ID_ITR,VALIDADO ,ID_ROL ,ACTIVO) VALUES ('ANALISTA',USUARIO_SEQ.nextval,'Cortés','123456','Canelones','16589868',TO_TIMESTAMP('1991-10-18 00:00:00.000000000', 'YYYY-MM-DD HH24:MI:SS.FF'),'F','omar.cortés@analista.utec.edu.uy','Omar','99123552','usuadmin15','4','1','1','1');
INSERT INTO "PROYECTO"."USUARIO" (U_TIPO, ID, APELLIDOS, CONTRASENIA, DEPARTAMENTO, DOCUMENTO, FECHA_NACIMIENTO, GENERO, MAIL, NOMBRES, TELEFONO, USUARIO,  ID_ITR,VALIDADO ,ID_ROL ,ACTIVO) VALUES ('ANALISTA',USUARIO_SEQ.nextval,'Montenegro','123456','Canelones','16589869',TO_TIMESTAMP('1983-03-07 00:00:00.000000000', 'YYYY-MM-DD HH24:MI:SS.FF'),'F','isidora.montenegro@analista.utec.edu.uy','Isidora','99123553','usuadmin16','4','0','1','1');
INSERT INTO "PROYECTO"."USUARIO" (U_TIPO, ID, APELLIDOS, CONTRASENIA, DEPARTAMENTO, DOCUMENTO, FECHA_NACIMIENTO, GENERO, MAIL, NOMBRES, TELEFONO, USUARIO,  ID_ITR,VALIDADO ,ID_ROL ,ACTIVO) VALUES ('ANALISTA',USUARIO_SEQ.nextval,'Galindo','123456','Canelones','16589870',TO_TIMESTAMP('1997-07-22 00:00:00.000000000', 'YYYY-MM-DD HH24:MI:SS.FF'),'F','raúl.galindo@analista.utec.edu.uy','Raúl','99123554','usuadmin17','4','1','1','1');
INSERT INTO "PROYECTO"."USUARIO" (U_TIPO, ID, APELLIDOS, CONTRASENIA, DEPARTAMENTO, DOCUMENTO, FECHA_NACIMIENTO, GENERO, MAIL, NOMBRES, TELEFONO, USUARIO,  ID_ITR,VALIDADO ,ID_ROL ,ACTIVO) VALUES ('ANALISTA',USUARIO_SEQ.nextval,'Castro','123456','Canelones','16589871',TO_TIMESTAMP('1990-11-13 00:00:00.000000000', 'YYYY-MM-DD HH24:MI:SS.FF'),'F','ema.castro@analista.utec.edu.uy','Ema','99123555','usuadmin18','4','0','1','1');

INSERT INTO "PROYECTO"."USUARIO" (U_TIPO, ID, APELLIDOS, CONTRASENIA, DEPARTAMENTO, DOCUMENTO, FECHA_NACIMIENTO, GENERO, MAIL, NOMBRES, TELEFONO, USUARIO,  ID_ITR,VALIDADO ,ID_ROL ,AREA , TIPO ,ACTIVO) VALUES ('TUTOR',USUARIO_SEQ.nextval,'García','123456','Montevideo','24681598',TO_TIMESTAMP('1990-01-10 00:00:00.000000000', 'YYYY-MM-DD HH24:MI:SS.FF'),'M','sofía.garcía@estudiantes.utec.edu.uy','Sofía','99123456','usutut1','1',1,1,'1','1','1');
INSERT INTO "PROYECTO"."USUARIO" (U_TIPO, ID, APELLIDOS, CONTRASENIA, DEPARTAMENTO, DOCUMENTO, FECHA_NACIMIENTO, GENERO, MAIL, NOMBRES, TELEFONO, USUARIO,  ID_ITR,VALIDADO ,ID_ROL ,AREA , TIPO ,ACTIVO) VALUES ('TUTOR',USUARIO_SEQ.nextval,'González','123456','Montevideo','24681599',TO_TIMESTAMP('1995-03-15 00:00:00.000000000', 'YYYY-MM-DD HH24:MI:SS.FF'),'M','ignacio.gonzález@estudiantes.utec.edu.uy','Ignacio','99123457','usutut2','1',0,1,'2','2','1');
INSERT INTO "PROYECTO"."USUARIO" (U_TIPO, ID, APELLIDOS, CONTRASENIA, DEPARTAMENTO, DOCUMENTO, FECHA_NACIMIENTO, GENERO, MAIL, NOMBRES, TELEFONO, USUARIO,  ID_ITR,VALIDADO ,ID_ROL ,AREA , TIPO ,ACTIVO) VALUES ('TUTOR',USUARIO_SEQ.nextval,'Rodríguez','123456','Montevideo','24681600',TO_TIMESTAMP('1984-07-01 00:00:00.000000000', 'YYYY-MM-DD HH24:MI:SS.FF'),'M','maría.rodríguez@estudiantes.utec.edu.uy','María','99123458','usutut3','1',1,1,'3','1','1');
INSERT INTO "PROYECTO"."USUARIO" (U_TIPO, ID, APELLIDOS, CONTRASENIA, DEPARTAMENTO, DOCUMENTO, FECHA_NACIMIENTO, GENERO, MAIL, NOMBRES, TELEFONO, USUARIO,  ID_ITR,VALIDADO ,ID_ROL ,AREA , TIPO ,ACTIVO) VALUES ('TUTOR',USUARIO_SEQ.nextval,'Fernández','123456','Montevideo','24681601',TO_TIMESTAMP('1993-11-23 00:00:00.000000000', 'YYYY-MM-DD HH24:MI:SS.FF'),'M','josé.fernández@estudiantes.utec.edu.uy','José','99123459','usutut4','1',0,1,'4','2','1');
INSERT INTO "PROYECTO"."USUARIO" (U_TIPO, ID, APELLIDOS, CONTRASENIA, DEPARTAMENTO, DOCUMENTO, FECHA_NACIMIENTO, GENERO, MAIL, NOMBRES, TELEFONO, USUARIO,  ID_ITR,VALIDADO ,ID_ROL ,AREA , TIPO ,ACTIVO) VALUES ('TUTOR',USUARIO_SEQ.nextval,'López','123456','Montevideo','24681602',TO_TIMESTAMP('1982-04-16 00:00:00.000000000', 'YYYY-MM-DD HH24:MI:SS.FF'),'M','ana.lópez@estudiantes.utec.edu.uy','Ana','99123460','usutut5','1',1,1,'5','1','1');
INSERT INTO "PROYECTO"."USUARIO" (U_TIPO, ID, APELLIDOS, CONTRASENIA, DEPARTAMENTO, DOCUMENTO, FECHA_NACIMIENTO, GENERO, MAIL, NOMBRES, TELEFONO, USUARIO,  ID_ITR,VALIDADO ,ID_ROL ,AREA , TIPO ,ACTIVO) VALUES ('TUTOR',USUARIO_SEQ.nextval,'Martínez','123456','Montevideo','24681603',TO_TIMESTAMP('1996-08-08 00:00:00.000000000', 'YYYY-MM-DD HH24:MI:SS.FF'),'M','diego.martínez@estudiantes.utec.edu.uy','Diego','99123461','usutut6','1',0,1,'1','2','1');
INSERT INTO "PROYECTO"."USUARIO" (U_TIPO, ID, APELLIDOS, CONTRASENIA, DEPARTAMENTO, DOCUMENTO, FECHA_NACIMIENTO, GENERO, MAIL, NOMBRES, TELEFONO, USUARIO,  ID_ITR,VALIDADO ,ID_ROL ,AREA , TIPO ,ACTIVO) VALUES ('TUTOR',USUARIO_SEQ.nextval,'Sánchez','123456','Montevideo','24681604',TO_TIMESTAMP('1988-02-02 00:00:00.000000000', 'YYYY-MM-DD HH24:MI:SS.FF'),'M','valentina.sánchez@estudiantes.utec.edu.uy','Valentina','99123462','usutut7','1',1,1,'2','1','1');
INSERT INTO "PROYECTO"."USUARIO" (U_TIPO, ID, APELLIDOS, CONTRASENIA, DEPARTAMENTO, DOCUMENTO, FECHA_NACIMIENTO, GENERO, MAIL, NOMBRES, TELEFONO, USUARIO,  ID_ITR,VALIDADO ,ID_ROL ,AREA , TIPO ,ACTIVO) VALUES ('TUTOR',USUARIO_SEQ.nextval,'Pérez','123456','Montevideo','24681605',TO_TIMESTAMP('1992-05-26 00:00:00.000000000', 'YYYY-MM-DD HH24:MI:SS.FF'),'M','luis.pérez@estudiantes.utec.edu.uy','Luis','99123463','usutut8','1',0,1,'3','2','1');
INSERT INTO "PROYECTO"."USUARIO" (U_TIPO, ID, APELLIDOS, CONTRASENIA, DEPARTAMENTO, DOCUMENTO, FECHA_NACIMIENTO, GENERO, MAIL, NOMBRES, TELEFONO, USUARIO,  ID_ITR,VALIDADO ,ID_ROL ,AREA , TIPO ,ACTIVO) VALUES ('TUTOR',USUARIO_SEQ.nextval,'Gómez','123456','Montevideo','24681606',TO_TIMESTAMP('1986-09-27 00:00:00.000000000', 'YYYY-MM-DD HH24:MI:SS.FF'),'M','camila.gómez@estudiantes.utec.edu.uy','Camila','99123464','usutut9','1',1,1,'4','1','1');
INSERT INTO "PROYECTO"."USUARIO" (U_TIPO, ID, APELLIDOS, CONTRASENIA, DEPARTAMENTO, DOCUMENTO, FECHA_NACIMIENTO, GENERO, MAIL, NOMBRES, TELEFONO, USUARIO,  ID_ITR,VALIDADO ,ID_ROL ,AREA , TIPO ,ACTIVO) VALUES ('TUTOR',USUARIO_SEQ.nextval,'Torres','123456','Montevideo','24681607',TO_TIMESTAMP('1989-12-03 00:00:00.000000000', 'YYYY-MM-DD HH24:MI:SS.FF'),'M','manuel.torres@estudiantes.utec.edu.uy','Manuel','99123465','usutut10','2',0,1,'5','2','1');
INSERT INTO "PROYECTO"."USUARIO" (U_TIPO, ID, APELLIDOS, CONTRASENIA, DEPARTAMENTO, DOCUMENTO, FECHA_NACIMIENTO, GENERO, MAIL, NOMBRES, TELEFONO, USUARIO,  ID_ITR,VALIDADO ,ID_ROL ,AREA , TIPO ,ACTIVO) VALUES ('TUTOR',USUARIO_SEQ.nextval,'Ramírez','123456','Montevideo','24681608',TO_TIMESTAMP('1994-01-29 00:00:00.000000000', 'YYYY-MM-DD HH24:MI:SS.FF'),'M','carmen.ramírez@estudiantes.utec.edu.uy','Carmen','99123466','usutut11','2',1,1,'1','1','1');
INSERT INTO "PROYECTO"."USUARIO" (U_TIPO, ID, APELLIDOS, CONTRASENIA, DEPARTAMENTO, DOCUMENTO, FECHA_NACIMIENTO, GENERO, MAIL, NOMBRES, TELEFONO, USUARIO,  ID_ITR,VALIDADO ,ID_ROL ,AREA , TIPO ,ACTIVO) VALUES ('TUTOR',USUARIO_SEQ.nextval,'Flores','123456','Montevideo','24681609',TO_TIMESTAMP('1987-06-12 00:00:00.000000000', 'YYYY-MM-DD HH24:MI:SS.FF'),'M','ricardo.flores@estudiantes.utec.edu.uy','Ricardo','99123467','usutut12','2',0,1,'2','1','1');
INSERT INTO "PROYECTO"."USUARIO" (U_TIPO, ID, APELLIDOS, CONTRASENIA, DEPARTAMENTO, DOCUMENTO, FECHA_NACIMIENTO, GENERO, MAIL, NOMBRES, TELEFONO, USUARIO,  ID_ITR,VALIDADO ,ID_ROL ,AREA , TIPO ,ACTIVO) VALUES ('TUTOR',USUARIO_SEQ.nextval,'Jiménez','123456','Montevideo','24681610',TO_TIMESTAMP('1991-10-18 00:00:00.000000000', 'YYYY-MM-DD HH24:MI:SS.FF'),'M','andrea.jiménez@estudiantes.utec.edu.uy','Andrea','99123468','usutut13','2',1,1,'1','2','1');
INSERT INTO "PROYECTO"."USUARIO" (U_TIPO, ID, APELLIDOS, CONTRASENIA, DEPARTAMENTO, DOCUMENTO, FECHA_NACIMIENTO, GENERO, MAIL, NOMBRES, TELEFONO, USUARIO,  ID_ITR,VALIDADO ,ID_ROL ,AREA , TIPO ,ACTIVO) VALUES ('TUTOR',USUARIO_SEQ.nextval,'Moreno','123456','Montevideo','24681611',TO_TIMESTAMP('1983-03-07 00:00:00.000000000', 'YYYY-MM-DD HH24:MI:SS.FF'),'M','pedro.moreno@estudiantes.utec.edu.uy','Pedro','99123469','usutut14','2',0,1,'2','1','1');
INSERT INTO "PROYECTO"."USUARIO" (U_TIPO, ID, APELLIDOS, CONTRASENIA, DEPARTAMENTO, DOCUMENTO, FECHA_NACIMIENTO, GENERO, MAIL, NOMBRES, TELEFONO, USUARIO,  ID_ITR,VALIDADO ,ID_ROL ,AREA , TIPO ,ACTIVO) VALUES ('TUTOR',USUARIO_SEQ.nextval,'Ruiz','123456','Montevideo','24681612',TO_TIMESTAMP('1997-07-22 00:00:00.000000000', 'YYYY-MM-DD HH24:MI:SS.FF'),'M','lucía.ruiz@estudiantes.utec.edu.uy','Lucía','99123470','usutut15','2',1,1,'3','2','1');
INSERT INTO "PROYECTO"."USUARIO" (U_TIPO, ID, APELLIDOS, CONTRASENIA, DEPARTAMENTO, DOCUMENTO, FECHA_NACIMIENTO, GENERO, MAIL, NOMBRES, TELEFONO, USUARIO,  ID_ITR,VALIDADO ,ID_ROL ,AREA , TIPO ,ACTIVO) VALUES ('TUTOR',USUARIO_SEQ.nextval,'Hernández','123456','Montevideo','24681613',TO_TIMESTAMP('1990-11-13 00:00:00.000000000', 'YYYY-MM-DD HH24:MI:SS.FF'),'M','miguel.hernández@estudiantes.utec.edu.uy','Miguel','99123471','usutut16','2',0,1,'4','1','1');
INSERT INTO "PROYECTO"."USUARIO" (U_TIPO, ID, APELLIDOS, CONTRASENIA, DEPARTAMENTO, DOCUMENTO, FECHA_NACIMIENTO, GENERO, MAIL, NOMBRES, TELEFONO, USUARIO,  ID_ITR,VALIDADO ,ID_ROL ,AREA , TIPO ,ACTIVO) VALUES ('TUTOR',USUARIO_SEQ.nextval,'Díaz','123456','Montevideo','24681614',TO_TIMESTAMP('1985-05-03 00:00:00.000000000', 'YYYY-MM-DD HH24:MI:SS.FF'),'M','fernanda.díaz@estudiantes.utec.edu.uy','Fernanda','99123472','usutut17','2',1,1,'5','2','1');
INSERT INTO "PROYECTO"."USUARIO" (U_TIPO, ID, APELLIDOS, CONTRASENIA, DEPARTAMENTO, DOCUMENTO, FECHA_NACIMIENTO, GENERO, MAIL, NOMBRES, TELEFONO, USUARIO,  ID_ITR,VALIDADO ,ID_ROL ,AREA , TIPO ,ACTIVO) VALUES ('TUTOR',USUARIO_SEQ.nextval,'Castro','123456','Montevideo','24681615',TO_TIMESTAMP('1996-09-14 00:00:00.000000000', 'YYYY-MM-DD HH24:MI:SS.FF'),'M','francisco.castro@estudiantes.utec.edu.uy','Francisco','99123473','usutut18','2',0,1,'1','1','1');
INSERT INTO "PROYECTO"."USUARIO" (U_TIPO, ID, APELLIDOS, CONTRASENIA, DEPARTAMENTO, DOCUMENTO, FECHA_NACIMIENTO, GENERO, MAIL, NOMBRES, TELEFONO, USUARIO,  ID_ITR,VALIDADO ,ID_ROL ,AREA , TIPO ,ACTIVO) VALUES ('TUTOR',USUARIO_SEQ.nextval,'Navarro','123456','Canelones','24681616',TO_TIMESTAMP('1989-02-21 00:00:00.000000000', 'YYYY-MM-DD HH24:MI:SS.FF'),'M','daniela.navarro@estudiantes.utec.edu.uy','Daniela','99123474','usutut19','2',1,1,'2','2','1');
INSERT INTO "PROYECTO"."USUARIO" (U_TIPO, ID, APELLIDOS, CONTRASENIA, DEPARTAMENTO, DOCUMENTO, FECHA_NACIMIENTO, GENERO, MAIL, NOMBRES, TELEFONO, USUARIO,  ID_ITR,VALIDADO ,ID_ROL ,AREA , TIPO ,ACTIVO) VALUES ('TUTOR',USUARIO_SEQ.nextval,'Ortiz','123456','Canelones','24681617',TO_TIMESTAMP('1984-06-07 00:00:00.000000000', 'YYYY-MM-DD HH24:MI:SS.FF'),'M','guillermo.ortiz@estudiantes.utec.edu.uy','Guillermo','99123475','usutut20','2',0,1,'3','1','1');
INSERT INTO "PROYECTO"."USUARIO" (U_TIPO, ID, APELLIDOS, CONTRASENIA, DEPARTAMENTO, DOCUMENTO, FECHA_NACIMIENTO, GENERO, MAIL, NOMBRES, TELEFONO, USUARIO,  ID_ITR,VALIDADO ,ID_ROL ,AREA , TIPO ,ACTIVO) VALUES ('TUTOR',USUARIO_SEQ.nextval,'Reyes','123456','Canelones','24681618',TO_TIMESTAMP('1992-12-08 00:00:00.000000000', 'YYYY-MM-DD HH24:MI:SS.FF'),'M','natalia.reyes@estudiantes.utec.edu.uy','Natalia','99123476','usutut21','2',1,1,'4','2','0');
INSERT INTO "PROYECTO"."USUARIO" (U_TIPO, ID, APELLIDOS, CONTRASENIA, DEPARTAMENTO, DOCUMENTO, FECHA_NACIMIENTO, GENERO, MAIL, NOMBRES, TELEFONO, USUARIO,  ID_ITR,VALIDADO ,ID_ROL ,AREA , TIPO ,ACTIVO) VALUES ('TUTOR',USUARIO_SEQ.nextval,'Álvarez','123456','Canelones','24681619',TO_TIMESTAMP('1990-01-10 00:00:00.000000000', 'YYYY-MM-DD HH24:MI:SS.FF'),'M','javier.álvarez@estudiantes.utec.edu.uy','Javier','99123477','usutut22','2',0,1,'5','1','0');
INSERT INTO "PROYECTO"."USUARIO" (U_TIPO, ID, APELLIDOS, CONTRASENIA, DEPARTAMENTO, DOCUMENTO, FECHA_NACIMIENTO, GENERO, MAIL, NOMBRES, TELEFONO, USUARIO,  ID_ITR,VALIDADO ,ID_ROL ,AREA , TIPO ,ACTIVO) VALUES ('TUTOR',USUARIO_SEQ.nextval,'Morales','123456','Canelones','24681620',TO_TIMESTAMP('1995-03-15 00:00:00.000000000', 'YYYY-MM-DD HH24:MI:SS.FF'),'M','gabriela.morales@estudiantes.utec.edu.uy','Gabriela','99123478','usutut23','2',1,1,'1','2','0');
INSERT INTO "PROYECTO"."USUARIO" (U_TIPO, ID, APELLIDOS, CONTRASENIA, DEPARTAMENTO, DOCUMENTO, FECHA_NACIMIENTO, GENERO, MAIL, NOMBRES, TELEFONO, USUARIO,  ID_ITR,VALIDADO ,ID_ROL ,AREA , TIPO ,ACTIVO) VALUES ('TUTOR',USUARIO_SEQ.nextval,'Castillo','123456','Canelones','24681621',TO_TIMESTAMP('1984-07-01 00:00:00.000000000', 'YYYY-MM-DD HH24:MI:SS.FF'),'M','alejandro.castillo@estudiantes.utec.edu.uy','Alejandro','99123479','usutut24','3',0,1,'2','1','0');
INSERT INTO "PROYECTO"."USUARIO" (U_TIPO, ID, APELLIDOS, CONTRASENIA, DEPARTAMENTO, DOCUMENTO, FECHA_NACIMIENTO, GENERO, MAIL, NOMBRES, TELEFONO, USUARIO,  ID_ITR,VALIDADO ,ID_ROL ,AREA , TIPO ,ACTIVO) VALUES ('TUTOR',USUARIO_SEQ.nextval,'Molina','123456','Canelones','24681622',TO_TIMESTAMP('1993-11-23 00:00:00.000000000', 'YYYY-MM-DD HH24:MI:SS.FF'),'M','carolina.molina@estudiantes.utec.edu.uy','Carolina','99123480','usutut25','3',1,1,'3','2','0');
INSERT INTO "PROYECTO"."USUARIO" (U_TIPO, ID, APELLIDOS, CONTRASENIA, DEPARTAMENTO, DOCUMENTO, FECHA_NACIMIENTO, GENERO, MAIL, NOMBRES, TELEFONO, USUARIO,  ID_ITR,VALIDADO ,ID_ROL ,AREA , TIPO ,ACTIVO) VALUES ('TUTOR',USUARIO_SEQ.nextval,'Vargas','123456','Canelones','24681623',TO_TIMESTAMP('1982-04-16 00:00:00.000000000', 'YYYY-MM-DD HH24:MI:SS.FF'),'M','antonio.vargas@estudiantes.utec.edu.uy','Antonio','99123481','usutut26','3',0,1,'4','1','0');
INSERT INTO "PROYECTO"."USUARIO" (U_TIPO, ID, APELLIDOS, CONTRASENIA, DEPARTAMENTO, DOCUMENTO, FECHA_NACIMIENTO, GENERO, MAIL, NOMBRES, TELEFONO, USUARIO,  ID_ITR,VALIDADO ,ID_ROL ,AREA , TIPO ,ACTIVO) VALUES ('TUTOR',USUARIO_SEQ.nextval,'Delgado','123456','Canelones','24681624',TO_TIMESTAMP('1996-08-08 00:00:00.000000000', 'YYYY-MM-DD HH24:MI:SS.FF'),'M','paula.delgado@estudiantes.utec.edu.uy','Paula','99123482','usutut27','3',1,1,'5','2','0');
INSERT INTO "PROYECTO"."USUARIO" (U_TIPO, ID, APELLIDOS, CONTRASENIA, DEPARTAMENTO, DOCUMENTO, FECHA_NACIMIENTO, GENERO, MAIL, NOMBRES, TELEFONO, USUARIO,  ID_ITR,VALIDADO ,ID_ROL ,AREA , TIPO ,ACTIVO) VALUES ('TUTOR',USUARIO_SEQ.nextval,'Aguilar','123456','Canelones','24681625',TO_TIMESTAMP('1988-02-02 00:00:00.000000000', 'YYYY-MM-DD HH24:MI:SS.FF'),'M','rafael.aguilar@estudiantes.utec.edu.uy','Rafael','99123483','usutut28','3',0,1,'1','1','1');
INSERT INTO "PROYECTO"."USUARIO" (U_TIPO, ID, APELLIDOS, CONTRASENIA, DEPARTAMENTO, DOCUMENTO, FECHA_NACIMIENTO, GENERO, MAIL, NOMBRES, TELEFONO, USUARIO,  ID_ITR,VALIDADO ,ID_ROL ,AREA , TIPO ,ACTIVO) VALUES ('TUTOR',USUARIO_SEQ.nextval,'Vega','123456','Canelones','24681626',TO_TIMESTAMP('1992-05-26 00:00:00.000000000', 'YYYY-MM-DD HH24:MI:SS.FF'),'M','adriana.vega@estudiantes.utec.edu.uy','Adriana','99123484','usutut29','3',1,1,'2','2','1');
INSERT INTO "PROYECTO"."USUARIO" (U_TIPO, ID, APELLIDOS, CONTRASENIA, DEPARTAMENTO, DOCUMENTO, FECHA_NACIMIENTO, GENERO, MAIL, NOMBRES, TELEFONO, USUARIO,  ID_ITR,VALIDADO ,ID_ROL ,AREA , TIPO ,ACTIVO) VALUES ('TUTOR',USUARIO_SEQ.nextval,'Mendoza','123456','Canelones','24681627',TO_TIMESTAMP('1986-09-27 00:00:00.000000000', 'YYYY-MM-DD HH24:MI:SS.FF'),'M','arturo.mendoza@estudiantes.utec.edu.uy','Arturo','99123485','usutut30','3',0,1,'3','1','1');
INSERT INTO "PROYECTO"."USUARIO" (U_TIPO, ID, APELLIDOS, CONTRASENIA, DEPARTAMENTO, DOCUMENTO, FECHA_NACIMIENTO, GENERO, MAIL, NOMBRES, TELEFONO, USUARIO,  ID_ITR,VALIDADO ,ID_ROL ,AREA , TIPO ,ACTIVO) VALUES ('TUTOR',USUARIO_SEQ.nextval,'Medina','123456','Canelones','24681628',TO_TIMESTAMP('1989-12-03 00:00:00.000000000', 'YYYY-MM-DD HH24:MI:SS.FF'),'F','marta.medina@estudiantes.utec.edu.uy','Marta','99123486','usutut31','3',1,1,'4','2','1');
INSERT INTO "PROYECTO"."USUARIO" (U_TIPO, ID, APELLIDOS, CONTRASENIA, DEPARTAMENTO, DOCUMENTO, FECHA_NACIMIENTO, GENERO, MAIL, NOMBRES, TELEFONO, USUARIO,  ID_ITR,VALIDADO ,ID_ROL ,AREA , TIPO ,ACTIVO) VALUES ('TUTOR',USUARIO_SEQ.nextval,'Núñez','123456','Canelones','24681629',TO_TIMESTAMP('1994-01-29 00:00:00.000000000', 'YYYY-MM-DD HH24:MI:SS.FF'),'F','emilio.núñez@estudiantes.utec.edu.uy','Emilio','99123487','usutut32','3',0,1,'5','1','1');
INSERT INTO "PROYECTO"."USUARIO" (U_TIPO, ID, APELLIDOS, CONTRASENIA, DEPARTAMENTO, DOCUMENTO, FECHA_NACIMIENTO, GENERO, MAIL, NOMBRES, TELEFONO, USUARIO,  ID_ITR,VALIDADO ,ID_ROL ,AREA , TIPO ,ACTIVO) VALUES ('TUTOR',USUARIO_SEQ.nextval,'Rivas','123456','Canelones','24681630',TO_TIMESTAMP('1987-06-12 00:00:00.000000000', 'YYYY-MM-DD HH24:MI:SS.FF'),'F','anaís.rivas@estudiantes.utec.edu.uy','Anaís','99123488','usutut33','3',1,1,'1','2','1');
INSERT INTO "PROYECTO"."USUARIO" (U_TIPO, ID, APELLIDOS, CONTRASENIA, DEPARTAMENTO, DOCUMENTO, FECHA_NACIMIENTO, GENERO, MAIL, NOMBRES, TELEFONO, USUARIO,  ID_ITR,VALIDADO ,ID_ROL ,AREA , TIPO ,ACTIVO) VALUES ('TUTOR',USUARIO_SEQ.nextval,'Salazar','123456','Canelones','24681631',TO_TIMESTAMP('1991-10-18 00:00:00.000000000', 'YYYY-MM-DD HH24:MI:SS.FF'),'F','sergio.salazar@estudiantes.utec.edu.uy','Sergio','99123489','usutut34','3',0,1,'2','1','1');
INSERT INTO "PROYECTO"."USUARIO" (U_TIPO, ID, APELLIDOS, CONTRASENIA, DEPARTAMENTO, DOCUMENTO, FECHA_NACIMIENTO, GENERO, MAIL, NOMBRES, TELEFONO, USUARIO,  ID_ITR,VALIDADO ,ID_ROL ,AREA , TIPO ,ACTIVO) VALUES ('TUTOR',USUARIO_SEQ.nextval,'Cervantes','123456','Canelones','24681632',TO_TIMESTAMP('1983-03-07 00:00:00.000000000', 'YYYY-MM-DD HH24:MI:SS.FF'),'F','alejandra.cervantes@estudiantes.utec.edu.uy','Alejandra','99123490','usutut35','3',1,1,'3','2','1');
INSERT INTO "PROYECTO"."USUARIO" (U_TIPO, ID, APELLIDOS, CONTRASENIA, DEPARTAMENTO, DOCUMENTO, FECHA_NACIMIENTO, GENERO, MAIL, NOMBRES, TELEFONO, USUARIO,  ID_ITR,VALIDADO ,ID_ROL ,AREA , TIPO ,ACTIVO) VALUES ('TUTOR',USUARIO_SEQ.nextval,'Rojas','123456','Canelones','24681633',TO_TIMESTAMP('1997-07-22 00:00:00.000000000', 'YYYY-MM-DD HH24:MI:SS.FF'),'F','tomás.rojas@estudiantes.utec.edu.uy','Tomás','99123491','usutut36','3',0,1,'4','1','1');
INSERT INTO "PROYECTO"."USUARIO" (U_TIPO, ID, APELLIDOS, CONTRASENIA, DEPARTAMENTO, DOCUMENTO, FECHA_NACIMIENTO, GENERO, MAIL, NOMBRES, TELEFONO, USUARIO,  ID_ITR,VALIDADO ,ID_ROL ,AREA , TIPO ,ACTIVO) VALUES ('TUTOR',USUARIO_SEQ.nextval,'Guerrero','123456','Canelones','24681634',TO_TIMESTAMP('1990-11-13 00:00:00.000000000', 'YYYY-MM-DD HH24:MI:SS.FF'),'F','elena.guerrero@estudiantes.utec.edu.uy','Elena','99123492','usutut37','3',1,1,'5','2','1');
INSERT INTO "PROYECTO"."USUARIO" (U_TIPO, ID, APELLIDOS, CONTRASENIA, DEPARTAMENTO, DOCUMENTO, FECHA_NACIMIENTO, GENERO, MAIL, NOMBRES, TELEFONO, USUARIO,  ID_ITR,VALIDADO ,ID_ROL ,AREA , TIPO ,ACTIVO) VALUES ('TUTOR',USUARIO_SEQ.nextval,'Mora','123456','Canelones','24681635',TO_TIMESTAMP('1985-05-03 00:00:00.000000000', 'YYYY-MM-DD HH24:MI:SS.FF'),'F','fernando.mora@estudiantes.utec.edu.uy','Fernando','99123493','usutut38','3',0,1,'1','1','1');
INSERT INTO "PROYECTO"."USUARIO" (U_TIPO, ID, APELLIDOS, CONTRASENIA, DEPARTAMENTO, DOCUMENTO, FECHA_NACIMIENTO, GENERO, MAIL, NOMBRES, TELEFONO, USUARIO,  ID_ITR,VALIDADO ,ID_ROL ,AREA , TIPO ,ACTIVO) VALUES ('TUTOR',USUARIO_SEQ.nextval,'Pineda','123456','Canelones','24681636',TO_TIMESTAMP('1996-09-14 00:00:00.000000000', 'YYYY-MM-DD HH24:MI:SS.FF'),'F','jimena.pineda@estudiantes.utec.edu.uy','Jimena','99123494','usutut39','3',1,1,'2','2','1');
INSERT INTO "PROYECTO"."USUARIO" (U_TIPO, ID, APELLIDOS, CONTRASENIA, DEPARTAMENTO, DOCUMENTO, FECHA_NACIMIENTO, GENERO, MAIL, NOMBRES, TELEFONO, USUARIO,  ID_ITR,VALIDADO ,ID_ROL ,AREA , TIPO ,ACTIVO) VALUES ('TUTOR',USUARIO_SEQ.nextval,'Herrera','123456','Canelones','24681637',TO_TIMESTAMP('1989-02-21 00:00:00.000000000', 'YYYY-MM-DD HH24:MI:SS.FF'),'F','esteban.herrera@estudiantes.utec.edu.uy','Esteban','99123495','usutut40','3',0,1,'3','1','1');
INSERT INTO "PROYECTO"."USUARIO" (U_TIPO, ID, APELLIDOS, CONTRASENIA, DEPARTAMENTO, DOCUMENTO, FECHA_NACIMIENTO, GENERO, MAIL, NOMBRES, TELEFONO, USUARIO,  ID_ITR,VALIDADO ,ID_ROL ,AREA , TIPO ,ACTIVO) VALUES ('TUTOR',USUARIO_SEQ.nextval,'Ramos','123456','Rivera','24681638',TO_TIMESTAMP('1984-06-07 00:00:00.000000000', 'YYYY-MM-DD HH24:MI:SS.FF'),'F','marcela.ramos@estudiantes.utec.edu.uy','Marcela','99123496','usutut41','3',1,1,'4','2','1');
INSERT INTO "PROYECTO"."USUARIO" (U_TIPO, ID, APELLIDOS, CONTRASENIA, DEPARTAMENTO, DOCUMENTO, FECHA_NACIMIENTO, GENERO, MAIL, NOMBRES, TELEFONO, USUARIO,  ID_ITR,VALIDADO ,ID_ROL ,AREA , TIPO ,ACTIVO) VALUES ('TUTOR',USUARIO_SEQ.nextval,'Valencia','123456','Rivera','24681639',TO_TIMESTAMP('1992-12-08 00:00:00.000000000', 'YYYY-MM-DD HH24:MI:SS.FF'),'F','hugo.valencia@estudiantes.utec.edu.uy','Hugo','99123497','usutut42','3',0,1,'5','1','1');
INSERT INTO "PROYECTO"."USUARIO" (U_TIPO, ID, APELLIDOS, CONTRASENIA, DEPARTAMENTO, DOCUMENTO, FECHA_NACIMIENTO, GENERO, MAIL, NOMBRES, TELEFONO, USUARIO,  ID_ITR,VALIDADO ,ID_ROL ,AREA , TIPO ,ACTIVO) VALUES ('TUTOR',USUARIO_SEQ.nextval,'Estévez','123456','Rivera','24681640',TO_TIMESTAMP('1990-01-10 00:00:00.000000000', 'YYYY-MM-DD HH24:MI:SS.FF'),'F','laura.estévez@estudiantes.utec.edu.uy','Laura','99123498','usutut43','3',1,1,'1','2','1');
INSERT INTO "PROYECTO"."USUARIO" (U_TIPO, ID, APELLIDOS, CONTRASENIA, DEPARTAMENTO, DOCUMENTO, FECHA_NACIMIENTO, GENERO, MAIL, NOMBRES, TELEFONO, USUARIO,  ID_ITR,VALIDADO ,ID_ROL ,AREA , TIPO ,ACTIVO) VALUES ('TUTOR',USUARIO_SEQ.nextval,'León','123456','Rivera','24681641',TO_TIMESTAMP('1995-03-15 00:00:00.000000000', 'YYYY-MM-DD HH24:MI:SS.FF'),'F','samuel.león@estudiantes.utec.edu.uy','Samuel','99123499','usutut44','4',0,1,'2','1','1');
INSERT INTO "PROYECTO"."USUARIO" (U_TIPO, ID, APELLIDOS, CONTRASENIA, DEPARTAMENTO, DOCUMENTO, FECHA_NACIMIENTO, GENERO, MAIL, NOMBRES, TELEFONO, USUARIO,  ID_ITR,VALIDADO ,ID_ROL ,AREA , TIPO ,ACTIVO) VALUES ('TUTOR',USUARIO_SEQ.nextval,'Espinoza','123456','Rivera','24681642',TO_TIMESTAMP('1984-07-01 00:00:00.000000000', 'YYYY-MM-DD HH24:MI:SS.FF'),'F','sofía.espinoza@estudiantes.utec.edu.uy','Sofía','99123500','usutut45','4',1,1,'3','2','1');
INSERT INTO "PROYECTO"."USUARIO" (U_TIPO, ID, APELLIDOS, CONTRASENIA, DEPARTAMENTO, DOCUMENTO, FECHA_NACIMIENTO, GENERO, MAIL, NOMBRES, TELEFONO, USUARIO,  ID_ITR,VALIDADO ,ID_ROL ,AREA , TIPO ,ACTIVO) VALUES ('TUTOR',USUARIO_SEQ.nextval,'Benítez','123456','Rivera','24681643',TO_TIMESTAMP('1993-11-23 00:00:00.000000000', 'YYYY-MM-DD HH24:MI:SS.FF'),'F','ramón.benítez@estudiantes.utec.edu.uy','Ramón','99123501','usutut46','4',0,1,'4','1','1');
INSERT INTO "PROYECTO"."USUARIO" (U_TIPO, ID, APELLIDOS, CONTRASENIA, DEPARTAMENTO, DOCUMENTO, FECHA_NACIMIENTO, GENERO, MAIL, NOMBRES, TELEFONO, USUARIO,  ID_ITR,VALIDADO ,ID_ROL ,AREA , TIPO ,ACTIVO) VALUES ('TUTOR',USUARIO_SEQ.nextval,'Camacho','123456','Rivera','24681644',TO_TIMESTAMP('1982-04-16 00:00:00.000000000', 'YYYY-MM-DD HH24:MI:SS.FF'),'F','isabel.camacho@estudiantes.utec.edu.uy','Isabel','99123502','usutut47','4',1,1,'5','2','1');
INSERT INTO "PROYECTO"."USUARIO" (U_TIPO, ID, APELLIDOS, CONTRASENIA, DEPARTAMENTO, DOCUMENTO, FECHA_NACIMIENTO, GENERO, MAIL, NOMBRES, TELEFONO, USUARIO,  ID_ITR,VALIDADO ,ID_ROL ,AREA , TIPO ,ACTIVO) VALUES ('TUTOR',USUARIO_SEQ.nextval,'Sosa','123456','Rivera','24681645',TO_TIMESTAMP('1996-08-08 00:00:00.000000000', 'YYYY-MM-DD HH24:MI:SS.FF'),'F','carlos.sosa@estudiantes.utec.edu.uy','Carlos','99123503','usutut48','4',0,1,'1','1','1');
INSERT INTO "PROYECTO"."USUARIO" (U_TIPO, ID, APELLIDOS, CONTRASENIA, DEPARTAMENTO, DOCUMENTO, FECHA_NACIMIENTO, GENERO, MAIL, NOMBRES, TELEFONO, USUARIO,  ID_ITR,VALIDADO ,ID_ROL ,AREA , TIPO ,ACTIVO) VALUES ('TUTOR',USUARIO_SEQ.nextval,'Ríos','123456','Rivera','24681646',TO_TIMESTAMP('1988-02-02 00:00:00.000000000', 'YYYY-MM-DD HH24:MI:SS.FF'),'F','blanca.ríos@estudiantes.utec.edu.uy','Blanca','99123504','usutut49','4',1,1,'2','2','1');

INSERT INTO "PROYECTO"."USUARIO" (U_TIPO, ID, APELLIDOS, CONTRASENIA, DEPARTAMENTO, DOCUMENTO, FECHA_NACIMIENTO, GENERO, MAIL, NOMBRES, TELEFONO, USUARIO, GENERACION, ID_ITR,VALIDADO ,ID_ROL,ACTIVO) VALUES ('ESTUDIANTE',USUARIO_SEQ.nextval,'García','123456','Montevideo','31234567',TO_TIMESTAMP('1990-01-10 00:00:00.000000000', 'YYYY-MM-DD HH24:MI:SS.FF'),'M','sofía.garcía@estudiantes.utec.edu.uy','Sofía','99123456','usuest1','2022','1','1','1','1');
INSERT INTO "PROYECTO"."USUARIO" (U_TIPO, ID, APELLIDOS, CONTRASENIA, DEPARTAMENTO, DOCUMENTO, FECHA_NACIMIENTO, GENERO, MAIL, NOMBRES, TELEFONO, USUARIO, GENERACION, ID_ITR,VALIDADO ,ID_ROL,ACTIVO) VALUES ('ESTUDIANTE',USUARIO_SEQ.nextval,'Rodríguez','123456','Montevideo','31234568',TO_TIMESTAMP('1995-03-15 00:00:00.000000000', 'YYYY-MM-DD HH24:MI:SS.FF'),'M','mateo.rodríguez@estudiantes.utec.edu.uy','Mateo','99123457','usuest2','2022','1','0','1','1');
INSERT INTO "PROYECTO"."USUARIO" (U_TIPO, ID, APELLIDOS, CONTRASENIA, DEPARTAMENTO, DOCUMENTO, FECHA_NACIMIENTO, GENERO, MAIL, NOMBRES, TELEFONO, USUARIO, GENERACION, ID_ITR,VALIDADO ,ID_ROL,ACTIVO) VALUES ('ESTUDIANTE',USUARIO_SEQ.nextval,'Martínez','123456','Montevideo','31234569',TO_TIMESTAMP('1984-07-01 00:00:00.000000000', 'YYYY-MM-DD HH24:MI:SS.FF'),'M','valentina.martínez@estudiantes.utec.edu.uy','Valentina','99123458','usuest3','2022','1','1','1','1');
INSERT INTO "PROYECTO"."USUARIO" (U_TIPO, ID, APELLIDOS, CONTRASENIA, DEPARTAMENTO, DOCUMENTO, FECHA_NACIMIENTO, GENERO, MAIL, NOMBRES, TELEFONO, USUARIO, GENERACION, ID_ITR,VALIDADO ,ID_ROL,ACTIVO) VALUES ('ESTUDIANTE',USUARIO_SEQ.nextval,'López','123456','Montevideo','31234570',TO_TIMESTAMP('1993-11-23 00:00:00.000000000', 'YYYY-MM-DD HH24:MI:SS.FF'),'M','santiago.lópez@estudiantes.utec.edu.uy','Santiago','99123459','usuest4','2022','1','0','1','1');
INSERT INTO "PROYECTO"."USUARIO" (U_TIPO, ID, APELLIDOS, CONTRASENIA, DEPARTAMENTO, DOCUMENTO, FECHA_NACIMIENTO, GENERO, MAIL, NOMBRES, TELEFONO, USUARIO, GENERACION, ID_ITR,VALIDADO ,ID_ROL,ACTIVO) VALUES ('ESTUDIANTE',USUARIO_SEQ.nextval,'Pérez','123456','Montevideo','31234571',TO_TIMESTAMP('1982-04-16 00:00:00.000000000', 'YYYY-MM-DD HH24:MI:SS.FF'),'M','isabella.pérez@estudiantes.utec.edu.uy','Isabella','99123460','usuest5','2022','1','1','1','1');
INSERT INTO "PROYECTO"."USUARIO" (U_TIPO, ID, APELLIDOS, CONTRASENIA, DEPARTAMENTO, DOCUMENTO, FECHA_NACIMIENTO, GENERO, MAIL, NOMBRES, TELEFONO, USUARIO, GENERACION, ID_ITR,VALIDADO ,ID_ROL,ACTIVO) VALUES ('ESTUDIANTE',USUARIO_SEQ.nextval,'Gómez','123456','Montevideo','31234572',TO_TIMESTAMP('1996-08-08 00:00:00.000000000', 'YYYY-MM-DD HH24:MI:SS.FF'),'M','diego.gómez@estudiantes.utec.edu.uy','Diego','99123461','usuest6','2022','1','0','1','1');
INSERT INTO "PROYECTO"."USUARIO" (U_TIPO, ID, APELLIDOS, CONTRASENIA, DEPARTAMENTO, DOCUMENTO, FECHA_NACIMIENTO, GENERO, MAIL, NOMBRES, TELEFONO, USUARIO, GENERACION, ID_ITR,VALIDADO ,ID_ROL,ACTIVO) VALUES ('ESTUDIANTE',USUARIO_SEQ.nextval,'Sánchez','123456','Montevideo','31234573',TO_TIMESTAMP('1988-02-02 00:00:00.000000000', 'YYYY-MM-DD HH24:MI:SS.FF'),'M','camila.sánchez@estudiantes.utec.edu.uy','Camila','99123462','usuest7','2022','1','1','1','1');
INSERT INTO "PROYECTO"."USUARIO" (U_TIPO, ID, APELLIDOS, CONTRASENIA, DEPARTAMENTO, DOCUMENTO, FECHA_NACIMIENTO, GENERO, MAIL, NOMBRES, TELEFONO, USUARIO, GENERACION, ID_ITR,VALIDADO ,ID_ROL,ACTIVO) VALUES ('ESTUDIANTE',USUARIO_SEQ.nextval,'Romero','123456','Montevideo','31234574',TO_TIMESTAMP('1992-05-26 00:00:00.000000000', 'YYYY-MM-DD HH24:MI:SS.FF'),'M','juan.romero@estudiantes.utec.edu.uy','Juan','99123463','usuest8','2022','1','0','1','1');
INSERT INTO "PROYECTO"."USUARIO" (U_TIPO, ID, APELLIDOS, CONTRASENIA, DEPARTAMENTO, DOCUMENTO, FECHA_NACIMIENTO, GENERO, MAIL, NOMBRES, TELEFONO, USUARIO, GENERACION, ID_ITR,VALIDADO ,ID_ROL,ACTIVO) VALUES ('ESTUDIANTE',USUARIO_SEQ.nextval,'González','123456','Montevideo','31234575',TO_TIMESTAMP('1986-09-27 00:00:00.000000000', 'YYYY-MM-DD HH24:MI:SS.FF'),'M','victoria.gonzález@estudiantes.utec.edu.uy','Victoria','99123464','usuest9','2022','1','1','1','1');
INSERT INTO "PROYECTO"."USUARIO" (U_TIPO, ID, APELLIDOS, CONTRASENIA, DEPARTAMENTO, DOCUMENTO, FECHA_NACIMIENTO, GENERO, MAIL, NOMBRES, TELEFONO, USUARIO, GENERACION, ID_ITR,VALIDADO ,ID_ROL,ACTIVO) VALUES ('ESTUDIANTE',USUARIO_SEQ.nextval,'Fernández','123456','Montevideo','31234576',TO_TIMESTAMP('1989-12-03 00:00:00.000000000', 'YYYY-MM-DD HH24:MI:SS.FF'),'M','lucas.fernández@estudiantes.utec.edu.uy','Lucas','99123465','usuest10','2022','2','0','1','1');
INSERT INTO "PROYECTO"."USUARIO" (U_TIPO, ID, APELLIDOS, CONTRASENIA, DEPARTAMENTO, DOCUMENTO, FECHA_NACIMIENTO, GENERO, MAIL, NOMBRES, TELEFONO, USUARIO, GENERACION, ID_ITR,VALIDADO ,ID_ROL,ACTIVO) VALUES ('ESTUDIANTE',USUARIO_SEQ.nextval,'Díaz','123456','Montevideo','31234577',TO_TIMESTAMP('1994-01-29 00:00:00.000000000', 'YYYY-MM-DD HH24:MI:SS.FF'),'M','maría.díaz@estudiantes.utec.edu.uy','María','99123466','usuest11','2022','2','1','1','1');
INSERT INTO "PROYECTO"."USUARIO" (U_TIPO, ID, APELLIDOS, CONTRASENIA, DEPARTAMENTO, DOCUMENTO, FECHA_NACIMIENTO, GENERO, MAIL, NOMBRES, TELEFONO, USUARIO, GENERACION, ID_ITR,VALIDADO ,ID_ROL,ACTIVO) VALUES ('ESTUDIANTE',USUARIO_SEQ.nextval,'Torres','123456','Montevideo','31234578',TO_TIMESTAMP('1987-06-12 00:00:00.000000000', 'YYYY-MM-DD HH24:MI:SS.FF'),'M','daniel.torres@estudiantes.utec.edu.uy','Daniel','99123467','usuest12','2022','2','0','1','1');
INSERT INTO "PROYECTO"."USUARIO" (U_TIPO, ID, APELLIDOS, CONTRASENIA, DEPARTAMENTO, DOCUMENTO, FECHA_NACIMIENTO, GENERO, MAIL, NOMBRES, TELEFONO, USUARIO, GENERACION, ID_ITR,VALIDADO ,ID_ROL,ACTIVO) VALUES ('ESTUDIANTE',USUARIO_SEQ.nextval,'Navarro','123456','Montevideo','31234579',TO_TIMESTAMP('1991-10-18 00:00:00.000000000', 'YYYY-MM-DD HH24:MI:SS.FF'),'M','martina.navarro@estudiantes.utec.edu.uy','Martina','99123468','usuest13','2022','2','1','1','1');
INSERT INTO "PROYECTO"."USUARIO" (U_TIPO, ID, APELLIDOS, CONTRASENIA, DEPARTAMENTO, DOCUMENTO, FECHA_NACIMIENTO, GENERO, MAIL, NOMBRES, TELEFONO, USUARIO, GENERACION, ID_ITR,VALIDADO ,ID_ROL,ACTIVO) VALUES ('ESTUDIANTE',USUARIO_SEQ.nextval,'Moreno','123456','Montevideo','31234580',TO_TIMESTAMP('1983-03-07 00:00:00.000000000', 'YYYY-MM-DD HH24:MI:SS.FF'),'M','carlos.moreno@estudiantes.utec.edu.uy','Carlos','99123469','usuest14','2022','2','0','1','1');
INSERT INTO "PROYECTO"."USUARIO" (U_TIPO, ID, APELLIDOS, CONTRASENIA, DEPARTAMENTO, DOCUMENTO, FECHA_NACIMIENTO, GENERO, MAIL, NOMBRES, TELEFONO, USUARIO, GENERACION, ID_ITR,VALIDADO ,ID_ROL,ACTIVO) VALUES ('ESTUDIANTE',USUARIO_SEQ.nextval,'Muñoz','123456','Montevideo','31234581',TO_TIMESTAMP('1997-07-22 00:00:00.000000000', 'YYYY-MM-DD HH24:MI:SS.FF'),'M','ana.muñoz@estudiantes.utec.edu.uy','Ana','99123470','usuest15','2022','2','1','1','1');
INSERT INTO "PROYECTO"."USUARIO" (U_TIPO, ID, APELLIDOS, CONTRASENIA, DEPARTAMENTO, DOCUMENTO, FECHA_NACIMIENTO, GENERO, MAIL, NOMBRES, TELEFONO, USUARIO, GENERACION, ID_ITR,VALIDADO ,ID_ROL,ACTIVO) VALUES ('ESTUDIANTE',USUARIO_SEQ.nextval,'Alonso','123456','Montevideo','31234582',TO_TIMESTAMP('1990-11-13 00:00:00.000000000', 'YYYY-MM-DD HH24:MI:SS.FF'),'M','tomás.alonso@estudiantes.utec.edu.uy','Tomás','99123471','usuest16','2022','2','0','1','1');
INSERT INTO "PROYECTO"."USUARIO" (U_TIPO, ID, APELLIDOS, CONTRASENIA, DEPARTAMENTO, DOCUMENTO, FECHA_NACIMIENTO, GENERO, MAIL, NOMBRES, TELEFONO, USUARIO, GENERACION, ID_ITR,VALIDADO ,ID_ROL,ACTIVO) VALUES ('ESTUDIANTE',USUARIO_SEQ.nextval,'Jiménez','123456','Montevideo','31234583',TO_TIMESTAMP('1985-05-03 00:00:00.000000000', 'YYYY-MM-DD HH24:MI:SS.FF'),'M','catalina.jiménez@estudiantes.utec.edu.uy','Catalina','99123472','usuest17','2022','2','1','1','1');
INSERT INTO "PROYECTO"."USUARIO" (U_TIPO, ID, APELLIDOS, CONTRASENIA, DEPARTAMENTO, DOCUMENTO, FECHA_NACIMIENTO, GENERO, MAIL, NOMBRES, TELEFONO, USUARIO, GENERACION, ID_ITR,VALIDADO ,ID_ROL,ACTIVO) VALUES ('ESTUDIANTE',USUARIO_SEQ.nextval,'Ruiz','123456','Montevideo','31234584',TO_TIMESTAMP('1996-09-14 00:00:00.000000000', 'YYYY-MM-DD HH24:MI:SS.FF'),'M','miguel.ruiz@estudiantes.utec.edu.uy','Miguel','99123473','usuest18','2022','2','0','1','1');
INSERT INTO "PROYECTO"."USUARIO" (U_TIPO, ID, APELLIDOS, CONTRASENIA, DEPARTAMENTO, DOCUMENTO, FECHA_NACIMIENTO, GENERO, MAIL, NOMBRES, TELEFONO, USUARIO, GENERACION, ID_ITR,VALIDADO ,ID_ROL,ACTIVO) VALUES ('ESTUDIANTE',USUARIO_SEQ.nextval,'Medina','123456','Canelones','31234585',TO_TIMESTAMP('1989-02-21 00:00:00.000000000', 'YYYY-MM-DD HH24:MI:SS.FF'),'M','andrea.medina@estudiantes.utec.edu.uy','Andrea','99123474','usuest19','2022','2','1','1','1');
INSERT INTO "PROYECTO"."USUARIO" (U_TIPO, ID, APELLIDOS, CONTRASENIA, DEPARTAMENTO, DOCUMENTO, FECHA_NACIMIENTO, GENERO, MAIL, NOMBRES, TELEFONO, USUARIO, GENERACION, ID_ITR,VALIDADO ,ID_ROL,ACTIVO) VALUES ('ESTUDIANTE',USUARIO_SEQ.nextval,'Ortiz','123456','Canelones','31234586',TO_TIMESTAMP('1984-06-07 00:00:00.000000000', 'YYYY-MM-DD HH24:MI:SS.FF'),'M','andrés.ortiz@estudiantes.utec.edu.uy','Andrés','99123475','usuest20','2022','2','0','1','1');
INSERT INTO "PROYECTO"."USUARIO" (U_TIPO, ID, APELLIDOS, CONTRASENIA, DEPARTAMENTO, DOCUMENTO, FECHA_NACIMIENTO, GENERO, MAIL, NOMBRES, TELEFONO, USUARIO, GENERACION, ID_ITR,VALIDADO ,ID_ROL,ACTIVO) VALUES ('ESTUDIANTE',USUARIO_SEQ.nextval,'Ramos','123456','Canelones','31234587',TO_TIMESTAMP('1992-12-08 00:00:00.000000000', 'YYYY-MM-DD HH24:MI:SS.FF'),'M','natalia.ramos@estudiantes.utec.edu.uy','Natalia','99123476','usuest21','2022','2','1','1','1');
INSERT INTO "PROYECTO"."USUARIO" (U_TIPO, ID, APELLIDOS, CONTRASENIA, DEPARTAMENTO, DOCUMENTO, FECHA_NACIMIENTO, GENERO, MAIL, NOMBRES, TELEFONO, USUARIO, GENERACION, ID_ITR,VALIDADO ,ID_ROL,ACTIVO) VALUES ('ESTUDIANTE',USUARIO_SEQ.nextval,'Castro','123456','Canelones','31234588',TO_TIMESTAMP('1990-01-10 00:00:00.000000000', 'YYYY-MM-DD HH24:MI:SS.FF'),'M','david.castro@estudiantes.utec.edu.uy','David','99123477','usuest22','2022','2','0','1','1');
INSERT INTO "PROYECTO"."USUARIO" (U_TIPO, ID, APELLIDOS, CONTRASENIA, DEPARTAMENTO, DOCUMENTO, FECHA_NACIMIENTO, GENERO, MAIL, NOMBRES, TELEFONO, USUARIO, GENERACION, ID_ITR,VALIDADO ,ID_ROL,ACTIVO) VALUES ('ESTUDIANTE',USUARIO_SEQ.nextval,'Álvarez','123456','Canelones','31234589',TO_TIMESTAMP('1995-03-15 00:00:00.000000000', 'YYYY-MM-DD HH24:MI:SS.FF'),'M','laura.álvarez@estudiantes.utec.edu.uy','Laura','99123478','usuest23','2022','2','1','1','1');
INSERT INTO "PROYECTO"."USUARIO" (U_TIPO, ID, APELLIDOS, CONTRASENIA, DEPARTAMENTO, DOCUMENTO, FECHA_NACIMIENTO, GENERO, MAIL, NOMBRES, TELEFONO, USUARIO, GENERACION, ID_ITR,VALIDADO ,ID_ROL,ACTIVO) VALUES ('ESTUDIANTE',USUARIO_SEQ.nextval,'Romero','123456','Canelones','48748954',TO_TIMESTAMP('1984-07-01 00:00:00.000000000', 'YYYY-MM-DD HH24:MI:SS.FF'),'M','gabriel.romero@estudiantes.utec.edu.uy','Gabriel','99123479','usuest24','2022','3','0','1','1');
INSERT INTO "PROYECTO"."USUARIO" (U_TIPO, ID, APELLIDOS, CONTRASENIA, DEPARTAMENTO, DOCUMENTO, FECHA_NACIMIENTO, GENERO, MAIL, NOMBRES, TELEFONO, USUARIO, GENERACION, ID_ITR,VALIDADO ,ID_ROL,ACTIVO) VALUES ('ESTUDIANTE',USUARIO_SEQ.nextval,'Guerrero','123456','Canelones','48748955',TO_TIMESTAMP('1993-11-23 00:00:00.000000000', 'YYYY-MM-DD HH24:MI:SS.FF'),'M','paula.guerrero@estudiantes.utec.edu.uy','Paula','99123480','usuest25','2022','3','1','1','1');
INSERT INTO "PROYECTO"."USUARIO" (U_TIPO, ID, APELLIDOS, CONTRASENIA, DEPARTAMENTO, DOCUMENTO, FECHA_NACIMIENTO, GENERO, MAIL, NOMBRES, TELEFONO, USUARIO, GENERACION, ID_ITR,VALIDADO ,ID_ROL,ACTIVO) VALUES ('ESTUDIANTE',USUARIO_SEQ.nextval,'Rivas','123456','Canelones','48748956',TO_TIMESTAMP('1982-04-16 00:00:00.000000000', 'YYYY-MM-DD HH24:MI:SS.FF'),'M','alejandro.rivas@estudiantes.utec.edu.uy','Alejandro','99123481','usuest26','2022','3','0','1','1');
INSERT INTO "PROYECTO"."USUARIO" (U_TIPO, ID, APELLIDOS, CONTRASENIA, DEPARTAMENTO, DOCUMENTO, FECHA_NACIMIENTO, GENERO, MAIL, NOMBRES, TELEFONO, USUARIO, GENERACION, ID_ITR,VALIDADO ,ID_ROL,ACTIVO) VALUES ('ESTUDIANTE',USUARIO_SEQ.nextval,'Vargas','123456','Canelones','48748957',TO_TIMESTAMP('1996-08-08 00:00:00.000000000', 'YYYY-MM-DD HH24:MI:SS.FF'),'M','sofía.vargas@estudiantes.utec.edu.uy','Sofía','99123482','usuest27','2022','3','1','1','1');
INSERT INTO "PROYECTO"."USUARIO" (U_TIPO, ID, APELLIDOS, CONTRASENIA, DEPARTAMENTO, DOCUMENTO, FECHA_NACIMIENTO, GENERO, MAIL, NOMBRES, TELEFONO, USUARIO, GENERACION, ID_ITR,VALIDADO ,ID_ROL,ACTIVO) VALUES ('ESTUDIANTE',USUARIO_SEQ.nextval,'Gutiérrez','123456','Canelones','48748958',TO_TIMESTAMP('1988-02-02 00:00:00.000000000', 'YYYY-MM-DD HH24:MI:SS.FF'),'M','samuel.gutiérrez@estudiantes.utec.edu.uy','Samuel','99123483','usuest28','2022','3','0','1','1');
INSERT INTO "PROYECTO"."USUARIO" (U_TIPO, ID, APELLIDOS, CONTRASENIA, DEPARTAMENTO, DOCUMENTO, FECHA_NACIMIENTO, GENERO, MAIL, NOMBRES, TELEFONO, USUARIO, GENERACION, ID_ITR,VALIDADO ,ID_ROL,ACTIVO) VALUES ('ESTUDIANTE',USUARIO_SEQ.nextval,'Aguilar','123456','Canelones','48748959',TO_TIMESTAMP('1992-05-26 00:00:00.000000000', 'YYYY-MM-DD HH24:MI:SS.FF'),'M','antonia.aguilar@estudiantes.utec.edu.uy','Antonia','99123484','usuest29','2022','3','1','1','1');
INSERT INTO "PROYECTO"."USUARIO" (U_TIPO, ID, APELLIDOS, CONTRASENIA, DEPARTAMENTO, DOCUMENTO, FECHA_NACIMIENTO, GENERO, MAIL, NOMBRES, TELEFONO, USUARIO, GENERACION, ID_ITR,VALIDADO ,ID_ROL,ACTIVO) VALUES ('ESTUDIANTE',USUARIO_SEQ.nextval,'Fuentes','123456','Canelones','48748960',TO_TIMESTAMP('1986-09-27 00:00:00.000000000', 'YYYY-MM-DD HH24:MI:SS.FF'),'M','luis.fuentes@estudiantes.utec.edu.uy','Luis','99123485','usuest30','2022','3','0','1','1');
INSERT INTO "PROYECTO"."USUARIO" (U_TIPO, ID, APELLIDOS, CONTRASENIA, DEPARTAMENTO, DOCUMENTO, FECHA_NACIMIENTO, GENERO, MAIL, NOMBRES, TELEFONO, USUARIO, GENERACION, ID_ITR,VALIDADO ,ID_ROL,ACTIVO) VALUES ('ESTUDIANTE',USUARIO_SEQ.nextval,'Molina','123456','Canelones','48748961',TO_TIMESTAMP('1989-12-03 00:00:00.000000000', 'YYYY-MM-DD HH24:MI:SS.FF'),'F','valeria.molina@estudiantes.utec.edu.uy','Valeria','99123486','usuest31','2022','3','1','1','1');
INSERT INTO "PROYECTO"."USUARIO" (U_TIPO, ID, APELLIDOS, CONTRASENIA, DEPARTAMENTO, DOCUMENTO, FECHA_NACIMIENTO, GENERO, MAIL, NOMBRES, TELEFONO, USUARIO, GENERACION, ID_ITR,VALIDADO ,ID_ROL,ACTIVO) VALUES ('ESTUDIANTE',USUARIO_SEQ.nextval,'Cáceres','123456','Canelones','48748962',TO_TIMESTAMP('1994-01-29 00:00:00.000000000', 'YYYY-MM-DD HH24:MI:SS.FF'),'F','pablo.cáceres@estudiantes.utec.edu.uy','Pablo','99123487','usuest32','2022','3','0','1','1');
INSERT INTO "PROYECTO"."USUARIO" (U_TIPO, ID, APELLIDOS, CONTRASENIA, DEPARTAMENTO, DOCUMENTO, FECHA_NACIMIENTO, GENERO, MAIL, NOMBRES, TELEFONO, USUARIO, GENERACION, ID_ITR,VALIDADO ,ID_ROL,ACTIVO) VALUES ('ESTUDIANTE',USUARIO_SEQ.nextval,'Delgado','123456','Canelones','48748963',TO_TIMESTAMP('1987-06-12 00:00:00.000000000', 'YYYY-MM-DD HH24:MI:SS.FF'),'F','daniela.delgado@estudiantes.utec.edu.uy','Daniela','99123488','usuest33','2022','3','1','1','1');
INSERT INTO "PROYECTO"."USUARIO" (U_TIPO, ID, APELLIDOS, CONTRASENIA, DEPARTAMENTO, DOCUMENTO, FECHA_NACIMIENTO, GENERO, MAIL, NOMBRES, TELEFONO, USUARIO, GENERACION, ID_ITR,VALIDADO ,ID_ROL,ACTIVO) VALUES ('ESTUDIANTE',USUARIO_SEQ.nextval,'Torres','123456','Canelones','48748964',TO_TIMESTAMP('1991-10-18 00:00:00.000000000', 'YYYY-MM-DD HH24:MI:SS.FF'),'F','emilia.torres@estudiantes.utec.edu.uy','Emilia','99123489','usuest34','2022','3','0','1','1');
INSERT INTO "PROYECTO"."USUARIO" (U_TIPO, ID, APELLIDOS, CONTRASENIA, DEPARTAMENTO, DOCUMENTO, FECHA_NACIMIENTO, GENERO, MAIL, NOMBRES, TELEFONO, USUARIO, GENERACION, ID_ITR,VALIDADO ,ID_ROL,ACTIVO) VALUES ('ESTUDIANTE',USUARIO_SEQ.nextval,'Miranda','123456','Canelones','48748965',TO_TIMESTAMP('1983-03-07 00:00:00.000000000', 'YYYY-MM-DD HH24:MI:SS.FF'),'F','javier.miranda@estudiantes.utec.edu.uy','Javier','99123490','usuest35','2022','3','1','1','1');
INSERT INTO "PROYECTO"."USUARIO" (U_TIPO, ID, APELLIDOS, CONTRASENIA, DEPARTAMENTO, DOCUMENTO, FECHA_NACIMIENTO, GENERO, MAIL, NOMBRES, TELEFONO, USUARIO, GENERACION, ID_ITR,VALIDADO ,ID_ROL,ACTIVO) VALUES ('ESTUDIANTE',USUARIO_SEQ.nextval,'Hidalgo','123456','Canelones','48748966',TO_TIMESTAMP('1997-07-22 00:00:00.000000000', 'YYYY-MM-DD HH24:MI:SS.FF'),'F','isadora.hidalgo@estudiantes.utec.edu.uy','Isadora','99123491','usuest36','2022','3','0','1','1');
INSERT INTO "PROYECTO"."USUARIO" (U_TIPO, ID, APELLIDOS, CONTRASENIA, DEPARTAMENTO, DOCUMENTO, FECHA_NACIMIENTO, GENERO, MAIL, NOMBRES, TELEFONO, USUARIO, GENERACION, ID_ITR,VALIDADO ,ID_ROL,ACTIVO) VALUES ('ESTUDIANTE',USUARIO_SEQ.nextval,'Núñez','123456','Canelones','48748967',TO_TIMESTAMP('1990-11-13 00:00:00.000000000', 'YYYY-MM-DD HH24:MI:SS.FF'),'F','mario.núñez@estudiantes.utec.edu.uy','Mario','99123492','usuest37','2022','3','1','1','1');
INSERT INTO "PROYECTO"."USUARIO" (U_TIPO, ID, APELLIDOS, CONTRASENIA, DEPARTAMENTO, DOCUMENTO, FECHA_NACIMIENTO, GENERO, MAIL, NOMBRES, TELEFONO, USUARIO, GENERACION, ID_ITR,VALIDADO ,ID_ROL,ACTIVO) VALUES ('ESTUDIANTE',USUARIO_SEQ.nextval,'Reyes','123456','Canelones','48748968',TO_TIMESTAMP('1985-05-03 00:00:00.000000000', 'YYYY-MM-DD HH24:MI:SS.FF'),'F','renata.reyes@estudiantes.utec.edu.uy','Renata','99123493','usuest38','2022','3','0','1','1');
INSERT INTO "PROYECTO"."USUARIO" (U_TIPO, ID, APELLIDOS, CONTRASENIA, DEPARTAMENTO, DOCUMENTO, FECHA_NACIMIENTO, GENERO, MAIL, NOMBRES, TELEFONO, USUARIO, GENERACION, ID_ITR,VALIDADO ,ID_ROL,ACTIVO) VALUES ('ESTUDIANTE',USUARIO_SEQ.nextval,'Bravo','123456','Canelones','48748969',TO_TIMESTAMP('1996-09-14 00:00:00.000000000', 'YYYY-MM-DD HH24:MI:SS.FF'),'F','marcos.bravo@estudiantes.utec.edu.uy','Marcos','99123494','usuest39','2022','3','1','1','1');
INSERT INTO "PROYECTO"."USUARIO" (U_TIPO, ID, APELLIDOS, CONTRASENIA, DEPARTAMENTO, DOCUMENTO, FECHA_NACIMIENTO, GENERO, MAIL, NOMBRES, TELEFONO, USUARIO, GENERACION, ID_ITR,VALIDADO ,ID_ROL,ACTIVO) VALUES ('ESTUDIANTE',USUARIO_SEQ.nextval,'Campos','123456','Canelones','48748970',TO_TIMESTAMP('1989-02-21 00:00:00.000000000', 'YYYY-MM-DD HH24:MI:SS.FF'),'F','victoria.campos@estudiantes.utec.edu.uy','Victoria','99123495','usuest40','2022','3','0','1','1');
INSERT INTO "PROYECTO"."USUARIO" (U_TIPO, ID, APELLIDOS, CONTRASENIA, DEPARTAMENTO, DOCUMENTO, FECHA_NACIMIENTO, GENERO, MAIL, NOMBRES, TELEFONO, USUARIO, GENERACION, ID_ITR,VALIDADO ,ID_ROL,ACTIVO) VALUES ('ESTUDIANTE',USUARIO_SEQ.nextval,'Vega','123456','Rivera','48748971',TO_TIMESTAMP('1984-06-07 00:00:00.000000000', 'YYYY-MM-DD HH24:MI:SS.FF'),'F','oscar.vega@estudiantes.utec.edu.uy','Oscar','99123496','usuest41','2022','3','1','1','1');
INSERT INTO "PROYECTO"."USUARIO" (U_TIPO, ID, APELLIDOS, CONTRASENIA, DEPARTAMENTO, DOCUMENTO, FECHA_NACIMIENTO, GENERO, MAIL, NOMBRES, TELEFONO, USUARIO, GENERACION, ID_ITR,VALIDADO ,ID_ROL,ACTIVO) VALUES ('ESTUDIANTE',USUARIO_SEQ.nextval,'Flores','123456','Rivera','48748972',TO_TIMESTAMP('1992-12-08 00:00:00.000000000', 'YYYY-MM-DD HH24:MI:SS.FF'),'F','mariana.flores@estudiantes.utec.edu.uy','Mariana','99123497','usuest42','2022','3','0','1','1');
INSERT INTO "PROYECTO"."USUARIO" (U_TIPO, ID, APELLIDOS, CONTRASENIA, DEPARTAMENTO, DOCUMENTO, FECHA_NACIMIENTO, GENERO, MAIL, NOMBRES, TELEFONO, USUARIO, GENERACION, ID_ITR,VALIDADO ,ID_ROL,ACTIVO) VALUES ('ESTUDIANTE',USUARIO_SEQ.nextval,'Hernández','123456','Rivera','48748973',TO_TIMESTAMP('1990-01-10 00:00:00.000000000', 'YYYY-MM-DD HH24:MI:SS.FF'),'F','ignacio.hernández@estudiantes.utec.edu.uy','Ignacio','99123498','usuest43','2022','3','1','1','1');
INSERT INTO "PROYECTO"."USUARIO" (U_TIPO, ID, APELLIDOS, CONTRASENIA, DEPARTAMENTO, DOCUMENTO, FECHA_NACIMIENTO, GENERO, MAIL, NOMBRES, TELEFONO, USUARIO, GENERACION, ID_ITR,VALIDADO ,ID_ROL,ACTIVO) VALUES ('ESTUDIANTE',USUARIO_SEQ.nextval,'León','123456','Rivera','48748974',TO_TIMESTAMP('1995-03-15 00:00:00.000000000', 'YYYY-MM-DD HH24:MI:SS.FF'),'F','lucía.león@estudiantes.utec.edu.uy','Lucía','99123499','usuest44','2022','4','0','1','1');
INSERT INTO "PROYECTO"."USUARIO" (U_TIPO, ID, APELLIDOS, CONTRASENIA, DEPARTAMENTO, DOCUMENTO, FECHA_NACIMIENTO, GENERO, MAIL, NOMBRES, TELEFONO, USUARIO, GENERACION, ID_ITR,VALIDADO ,ID_ROL,ACTIVO) VALUES ('ESTUDIANTE',USUARIO_SEQ.nextval,'Aguilar','123456','Rivera','48748975',TO_TIMESTAMP('1984-07-01 00:00:00.000000000', 'YYYY-MM-DD HH24:MI:SS.FF'),'F','federico.aguilar@estudiantes.utec.edu.uy','Federico','99123500','usuest45','2022','4','1','1','1');
INSERT INTO "PROYECTO"."USUARIO" (U_TIPO, ID, APELLIDOS, CONTRASENIA, DEPARTAMENTO, DOCUMENTO, FECHA_NACIMIENTO, GENERO, MAIL, NOMBRES, TELEFONO, USUARIO, GENERACION, ID_ITR,VALIDADO ,ID_ROL,ACTIVO) VALUES ('ESTUDIANTE',USUARIO_SEQ.nextval,'Mendoza','123456','Rivera','48748976',TO_TIMESTAMP('1993-11-23 00:00:00.000000000', 'YYYY-MM-DD HH24:MI:SS.FF'),'F','abril.mendoza@estudiantes.utec.edu.uy','Abril','99123501','usuest46','2022','4','0','1','1');
INSERT INTO "PROYECTO"."USUARIO" (U_TIPO, ID, APELLIDOS, CONTRASENIA, DEPARTAMENTO, DOCUMENTO, FECHA_NACIMIENTO, GENERO, MAIL, NOMBRES, TELEFONO, USUARIO, GENERACION, ID_ITR,VALIDADO ,ID_ROL,ACTIVO) VALUES ('ESTUDIANTE',USUARIO_SEQ.nextval,'Peña','123456','Rivera','48748977',TO_TIMESTAMP('1982-04-16 00:00:00.000000000', 'YYYY-MM-DD HH24:MI:SS.FF'),'F','guillermo.peña@estudiantes.utec.edu.uy','Guillermo','99123502','usuest47','2022','4','1','1','1');
INSERT INTO "PROYECTO"."USUARIO" (U_TIPO, ID, APELLIDOS, CONTRASENIA, DEPARTAMENTO, DOCUMENTO, FECHA_NACIMIENTO, GENERO, MAIL, NOMBRES, TELEFONO, USUARIO, GENERACION, ID_ITR,VALIDADO ,ID_ROL,ACTIVO) VALUES ('ESTUDIANTE',USUARIO_SEQ.nextval,'Sosa','123456','Rivera','48748978',TO_TIMESTAMP('1996-08-08 00:00:00.000000000', 'YYYY-MM-DD HH24:MI:SS.FF'),'F','bruna.sosa@estudiantes.utec.edu.uy','Bruna','99123503','usuest48','2022','4','0','1','1');
INSERT INTO "PROYECTO"."USUARIO" (U_TIPO, ID, APELLIDOS, CONTRASENIA, DEPARTAMENTO, DOCUMENTO, FECHA_NACIMIENTO, GENERO, MAIL, NOMBRES, TELEFONO, USUARIO, GENERACION, ID_ITR,VALIDADO ,ID_ROL,ACTIVO) VALUES ('ESTUDIANTE',USUARIO_SEQ.nextval,'Fuentes','123456','Rivera','48748979',TO_TIMESTAMP('1988-02-02 00:00:00.000000000', 'YYYY-MM-DD HH24:MI:SS.FF'),'F','joaquín.fuentes@estudiantes.utec.edu.uy','Joaquín','99123504','usuest49','2022','4','1','1','1');
INSERT INTO "PROYECTO"."USUARIO" (U_TIPO, ID, APELLIDOS, CONTRASENIA, DEPARTAMENTO, DOCUMENTO, FECHA_NACIMIENTO, GENERO, MAIL, NOMBRES, TELEFONO, USUARIO, GENERACION, ID_ITR,VALIDADO ,ID_ROL,ACTIVO) VALUES ('ESTUDIANTE',USUARIO_SEQ.nextval,'Benítez','123456','Rivera','48748980',TO_TIMESTAMP('1992-05-26 00:00:00.000000000', 'YYYY-MM-DD HH24:MI:SS.FF'),'F','renata.benítez@estudiantes.utec.edu.uy','Renata','99123505','usuest50','2022','4','0','1','1');
INSERT INTO "PROYECTO"."USUARIO" (U_TIPO, ID, APELLIDOS, CONTRASENIA, DEPARTAMENTO, DOCUMENTO, FECHA_NACIMIENTO, GENERO, MAIL, NOMBRES, TELEFONO, USUARIO, GENERACION, ID_ITR,VALIDADO ,ID_ROL,ACTIVO) VALUES ('ESTUDIANTE',USUARIO_SEQ.nextval,'Rojas','123456','Rivera','48748981',TO_TIMESTAMP('1986-09-27 00:00:00.000000000', 'YYYY-MM-DD HH24:MI:SS.FF'),'F','rafael.rojas@estudiantes.utec.edu.uy','Rafael','99123506','usuest51','2023','1','1','1','1');
INSERT INTO "PROYECTO"."USUARIO" (U_TIPO, ID, APELLIDOS, CONTRASENIA, DEPARTAMENTO, DOCUMENTO, FECHA_NACIMIENTO, GENERO, MAIL, NOMBRES, TELEFONO, USUARIO, GENERACION, ID_ITR,VALIDADO ,ID_ROL,ACTIVO) VALUES ('ESTUDIANTE',USUARIO_SEQ.nextval,'Castillo','123456','Rivera','48748982',TO_TIMESTAMP('1989-12-03 00:00:00.000000000', 'YYYY-MM-DD HH24:MI:SS.FF'),'F','luna.castillo@estudiantes.utec.edu.uy','Luna','99123507','usuest52','2023','1','0','1','1');
INSERT INTO "PROYECTO"."USUARIO" (U_TIPO, ID, APELLIDOS, CONTRASENIA, DEPARTAMENTO, DOCUMENTO, FECHA_NACIMIENTO, GENERO, MAIL, NOMBRES, TELEFONO, USUARIO, GENERACION, ID_ITR,VALIDADO ,ID_ROL,ACTIVO) VALUES ('ESTUDIANTE',USUARIO_SEQ.nextval,'Osorio','123456','Rivera','48748983',TO_TIMESTAMP('1994-01-29 00:00:00.000000000', 'YYYY-MM-DD HH24:MI:SS.FF'),'F','josé.osorio@estudiantes.utec.edu.uy','José','99123508','usuest53','2023','1','1','1','1');
INSERT INTO "PROYECTO"."USUARIO" (U_TIPO, ID, APELLIDOS, CONTRASENIA, DEPARTAMENTO, DOCUMENTO, FECHA_NACIMIENTO, GENERO, MAIL, NOMBRES, TELEFONO, USUARIO, GENERACION, ID_ITR,VALIDADO ,ID_ROL,ACTIVO) VALUES ('ESTUDIANTE',USUARIO_SEQ.nextval,'Gutiérrez','123456','Rivera','48748984',TO_TIMESTAMP('1987-06-12 00:00:00.000000000', 'YYYY-MM-DD HH24:MI:SS.FF'),'F','salomé.gutiérrez@estudiantes.utec.edu.uy','Salomé','99123509','usuest54','2023','1','0','1','1');
INSERT INTO "PROYECTO"."USUARIO" (U_TIPO, ID, APELLIDOS, CONTRASENIA, DEPARTAMENTO, DOCUMENTO, FECHA_NACIMIENTO, GENERO, MAIL, NOMBRES, TELEFONO, USUARIO, GENERACION, ID_ITR,VALIDADO ,ID_ROL,ACTIVO) VALUES ('ESTUDIANTE',USUARIO_SEQ.nextval,'Espinoza','123456','Maldonado','48748985',TO_TIMESTAMP('1991-10-18 00:00:00.000000000', 'YYYY-MM-DD HH24:MI:SS.FF'),'F','matías.espinoza@estudiantes.utec.edu.uy','Matías','99123510','usuest55','2023','1','1','1','1');
INSERT INTO "PROYECTO"."USUARIO" (U_TIPO, ID, APELLIDOS, CONTRASENIA, DEPARTAMENTO, DOCUMENTO, FECHA_NACIMIENTO, GENERO, MAIL, NOMBRES, TELEFONO, USUARIO, GENERACION, ID_ITR,VALIDADO ,ID_ROL,ACTIVO) VALUES ('ESTUDIANTE',USUARIO_SEQ.nextval,'Rosales','123456','Maldonado','48748986',TO_TIMESTAMP('1983-03-07 00:00:00.000000000', 'YYYY-MM-DD HH24:MI:SS.FF'),'F','alba.rosales@estudiantes.utec.edu.uy','Alba','99123511','usuest56','2023','1','0','1','1');
INSERT INTO "PROYECTO"."USUARIO" (U_TIPO, ID, APELLIDOS, CONTRASENIA, DEPARTAMENTO, DOCUMENTO, FECHA_NACIMIENTO, GENERO, MAIL, NOMBRES, TELEFONO, USUARIO, GENERACION, ID_ITR,VALIDADO ,ID_ROL,ACTIVO) VALUES ('ESTUDIANTE',USUARIO_SEQ.nextval,'Salazar','123456','Maldonado','48748987',TO_TIMESTAMP('1997-07-22 00:00:00.000000000', 'YYYY-MM-DD HH24:MI:SS.FF'),'F','gonzalo.salazar@estudiantes.utec.edu.uy','Gonzalo','99123512','usuest57','2023','1','1','1','1');
INSERT INTO "PROYECTO"."USUARIO" (U_TIPO, ID, APELLIDOS, CONTRASENIA, DEPARTAMENTO, DOCUMENTO, FECHA_NACIMIENTO, GENERO, MAIL, NOMBRES, TELEFONO, USUARIO, GENERACION, ID_ITR,VALIDADO ,ID_ROL,ACTIVO) VALUES ('ESTUDIANTE',USUARIO_SEQ.nextval,'Rivera','123456','Maldonado','48748988',TO_TIMESTAMP('1990-11-13 00:00:00.000000000', 'YYYY-MM-DD HH24:MI:SS.FF'),'F','carla.rivera@estudiantes.utec.edu.uy','Carla','99123513','usuest58','2023','1','0','1','1');
INSERT INTO "PROYECTO"."USUARIO" (U_TIPO, ID, APELLIDOS, CONTRASENIA, DEPARTAMENTO, DOCUMENTO, FECHA_NACIMIENTO, GENERO, MAIL, NOMBRES, TELEFONO, USUARIO, GENERACION, ID_ITR,VALIDADO ,ID_ROL,ACTIVO) VALUES ('ESTUDIANTE',USUARIO_SEQ.nextval,'Villanueva','123456','Maldonado','48748989',TO_TIMESTAMP('1985-05-03 00:00:00.000000000', 'YYYY-MM-DD HH24:MI:SS.FF'),'F','rodrigo.villanueva@estudiantes.utec.edu.uy','Rodrigo','99123514','usuest59','2023','1','1','1','1');
INSERT INTO "PROYECTO"."USUARIO" (U_TIPO, ID, APELLIDOS, CONTRASENIA, DEPARTAMENTO, DOCUMENTO, FECHA_NACIMIENTO, GENERO, MAIL, NOMBRES, TELEFONO, USUARIO, GENERACION, ID_ITR,VALIDADO ,ID_ROL,ACTIVO) VALUES ('ESTUDIANTE',USUARIO_SEQ.nextval,'Solís','123456','Maldonado','48748990',TO_TIMESTAMP('1996-09-14 00:00:00.000000000', 'YYYY-MM-DD HH24:MI:SS.FF'),'F','abril.solís@estudiantes.utec.edu.uy','Abril','99123515','usuest60','2023','2','0','1','1');
INSERT INTO "PROYECTO"."USUARIO" (U_TIPO, ID, APELLIDOS, CONTRASENIA, DEPARTAMENTO, DOCUMENTO, FECHA_NACIMIENTO, GENERO, MAIL, NOMBRES, TELEFONO, USUARIO, GENERACION, ID_ITR,VALIDADO ,ID_ROL,ACTIVO) VALUES ('ESTUDIANTE',USUARIO_SEQ.nextval,'Carrasco','123456','Maldonado','48748991',TO_TIMESTAMP('1989-02-21 00:00:00.000000000', 'YYYY-MM-DD HH24:MI:SS.FF'),'M','francisco.carrasco@estudiantes.utec.edu.uy','Francisco','99123516','usuest61','2023','2','1','1','1');
INSERT INTO "PROYECTO"."USUARIO" (U_TIPO, ID, APELLIDOS, CONTRASENIA, DEPARTAMENTO, DOCUMENTO, FECHA_NACIMIENTO, GENERO, MAIL, NOMBRES, TELEFONO, USUARIO, GENERACION, ID_ITR,VALIDADO ,ID_ROL,ACTIVO) VALUES ('ESTUDIANTE',USUARIO_SEQ.nextval,'Peralta','123456','Maldonado','52654871',TO_TIMESTAMP('1984-06-07 00:00:00.000000000', 'YYYY-MM-DD HH24:MI:SS.FF'),'M','gabriela.peralta@estudiantes.utec.edu.uy','Gabriela','99123517','usuest62','2023','2','0','1','1');
INSERT INTO "PROYECTO"."USUARIO" (U_TIPO, ID, APELLIDOS, CONTRASENIA, DEPARTAMENTO, DOCUMENTO, FECHA_NACIMIENTO, GENERO, MAIL, NOMBRES, TELEFONO, USUARIO, GENERACION, ID_ITR,VALIDADO ,ID_ROL,ACTIVO) VALUES ('ESTUDIANTE',USUARIO_SEQ.nextval,'Escobar','123456','Maldonado','52654872',TO_TIMESTAMP('1992-12-08 00:00:00.000000000', 'YYYY-MM-DD HH24:MI:SS.FF'),'M','manuel.escobar@estudiantes.utec.edu.uy','Manuel','99123518','usuest63','2023','2','1','1','1');
INSERT INTO "PROYECTO"."USUARIO" (U_TIPO, ID, APELLIDOS, CONTRASENIA, DEPARTAMENTO, DOCUMENTO, FECHA_NACIMIENTO, GENERO, MAIL, NOMBRES, TELEFONO, USUARIO, GENERACION, ID_ITR,VALIDADO ,ID_ROL,ACTIVO) VALUES ('ESTUDIANTE',USUARIO_SEQ.nextval,'Valdez','123456','Maldonado','52654873',TO_TIMESTAMP('1990-01-10 00:00:00.000000000', 'YYYY-MM-DD HH24:MI:SS.FF'),'M','jimena.valdez@estudiantes.utec.edu.uy','Jimena','99123519','usuest64','2023','2','0','1','1');
INSERT INTO "PROYECTO"."USUARIO" (U_TIPO, ID, APELLIDOS, CONTRASENIA, DEPARTAMENTO, DOCUMENTO, FECHA_NACIMIENTO, GENERO, MAIL, NOMBRES, TELEFONO, USUARIO, GENERACION, ID_ITR,VALIDADO ,ID_ROL,ACTIVO) VALUES ('ESTUDIANTE',USUARIO_SEQ.nextval,'Mercado','123456','Maldonado','52654874',TO_TIMESTAMP('1995-03-15 00:00:00.000000000', 'YYYY-MM-DD HH24:MI:SS.FF'),'M','julián.mercado@estudiantes.utec.edu.uy','Julián','99123520','usuest65','2023','2','1','1','1');
INSERT INTO "PROYECTO"."USUARIO" (U_TIPO, ID, APELLIDOS, CONTRASENIA, DEPARTAMENTO, DOCUMENTO, FECHA_NACIMIENTO, GENERO, MAIL, NOMBRES, TELEFONO, USUARIO, GENERACION, ID_ITR,VALIDADO ,ID_ROL,ACTIVO) VALUES ('ESTUDIANTE',USUARIO_SEQ.nextval,'Montes','123456','Maldonado','52654875',TO_TIMESTAMP('1984-07-01 00:00:00.000000000', 'YYYY-MM-DD HH24:MI:SS.FF'),'M','agustina.montes@estudiantes.utec.edu.uy','Agustina','99123521','usuest66','2023','2','0','1','1');
INSERT INTO "PROYECTO"."USUARIO" (U_TIPO, ID, APELLIDOS, CONTRASENIA, DEPARTAMENTO, DOCUMENTO, FECHA_NACIMIENTO, GENERO, MAIL, NOMBRES, TELEFONO, USUARIO, GENERACION, ID_ITR,VALIDADO ,ID_ROL,ACTIVO) VALUES ('ESTUDIANTE',USUARIO_SEQ.nextval,'Sepúlveda','123456','Maldonado','52654876',TO_TIMESTAMP('1993-11-23 00:00:00.000000000', 'YYYY-MM-DD HH24:MI:SS.FF'),'M','álvaro.sepúlveda@estudiantes.utec.edu.uy','Álvaro','99123522','usuest67','2023','2','1','1','1');
INSERT INTO "PROYECTO"."USUARIO" (U_TIPO, ID, APELLIDOS, CONTRASENIA, DEPARTAMENTO, DOCUMENTO, FECHA_NACIMIENTO, GENERO, MAIL, NOMBRES, TELEFONO, USUARIO, GENERACION, ID_ITR,VALIDADO ,ID_ROL,ACTIVO) VALUES ('ESTUDIANTE',USUARIO_SEQ.nextval,'Alvarado','123456','Maldonado','52654877',TO_TIMESTAMP('1982-04-16 00:00:00.000000000', 'YYYY-MM-DD HH24:MI:SS.FF'),'M','antonella.alvarado@estudiantes.utec.edu.uy','Antonella','99123523','usuest68','2023','2','0','1','1');
INSERT INTO "PROYECTO"."USUARIO" (U_TIPO, ID, APELLIDOS, CONTRASENIA, DEPARTAMENTO, DOCUMENTO, FECHA_NACIMIENTO, GENERO, MAIL, NOMBRES, TELEFONO, USUARIO, GENERACION, ID_ITR,VALIDADO ,ID_ROL,ACTIVO) VALUES ('ESTUDIANTE',USUARIO_SEQ.nextval,'Herrera','123456','Maldonado','52654878',TO_TIMESTAMP('1996-08-08 00:00:00.000000000', 'YYYY-MM-DD HH24:MI:SS.FF'),'M','mateo.herrera@estudiantes.utec.edu.uy','Mateo','99123524','usuest69','2023','2','1','1','1');
INSERT INTO "PROYECTO"."USUARIO" (U_TIPO, ID, APELLIDOS, CONTRASENIA, DEPARTAMENTO, DOCUMENTO, FECHA_NACIMIENTO, GENERO, MAIL, NOMBRES, TELEFONO, USUARIO, GENERACION, ID_ITR,VALIDADO ,ID_ROL,ACTIVO) VALUES ('ESTUDIANTE',USUARIO_SEQ.nextval,'Pacheco','123456','Montevideo','52654879',TO_TIMESTAMP('1988-02-02 00:00:00.000000000', 'YYYY-MM-DD HH24:MI:SS.FF'),'M','luciana.pacheco@estudiantes.utec.edu.uy','Luciana','99123525','usuest70','2023','2','0','1','1');
INSERT INTO "PROYECTO"."USUARIO" (U_TIPO, ID, APELLIDOS, CONTRASENIA, DEPARTAMENTO, DOCUMENTO, FECHA_NACIMIENTO, GENERO, MAIL, NOMBRES, TELEFONO, USUARIO, GENERACION, ID_ITR,VALIDADO ,ID_ROL,ACTIVO) VALUES ('ESTUDIANTE',USUARIO_SEQ.nextval,'Villegas','123456','Montevideo','52654880',TO_TIMESTAMP('1992-05-26 00:00:00.000000000', 'YYYY-MM-DD HH24:MI:SS.FF'),'M','benjamín.villegas@estudiantes.utec.edu.uy','Benjamín','99123526','usuest71','2023','2','1','1','1');
INSERT INTO "PROYECTO"."USUARIO" (U_TIPO, ID, APELLIDOS, CONTRASENIA, DEPARTAMENTO, DOCUMENTO, FECHA_NACIMIENTO, GENERO, MAIL, NOMBRES, TELEFONO, USUARIO, GENERACION, ID_ITR,VALIDADO ,ID_ROL,ACTIVO) VALUES ('ESTUDIANTE',USUARIO_SEQ.nextval,'Gallegos','123456','Montevideo','52654881',TO_TIMESTAMP('1986-09-27 00:00:00.000000000', 'YYYY-MM-DD HH24:MI:SS.FF'),'M','lucía.gallegos@estudiantes.utec.edu.uy','Lucía','99123527','usuest72','2023','2','0','1','1');
INSERT INTO "PROYECTO"."USUARIO" (U_TIPO, ID, APELLIDOS, CONTRASENIA, DEPARTAMENTO, DOCUMENTO, FECHA_NACIMIENTO, GENERO, MAIL, NOMBRES, TELEFONO, USUARIO, GENERACION, ID_ITR,VALIDADO ,ID_ROL,ACTIVO) VALUES ('ESTUDIANTE',USUARIO_SEQ.nextval,'Ávalos','123456','Montevideo','52654882',TO_TIMESTAMP('1989-12-03 00:00:00.000000000', 'YYYY-MM-DD HH24:MI:SS.FF'),'M','esteban.ávalos@estudiantes.utec.edu.uy','Esteban','99123528','usuest73','2023','2','1','1','1');
INSERT INTO "PROYECTO"."USUARIO" (U_TIPO, ID, APELLIDOS, CONTRASENIA, DEPARTAMENTO, DOCUMENTO, FECHA_NACIMIENTO, GENERO, MAIL, NOMBRES, TELEFONO, USUARIO, GENERACION, ID_ITR,VALIDADO ,ID_ROL,ACTIVO) VALUES ('ESTUDIANTE',USUARIO_SEQ.nextval,'Luna','123456','Montevideo','52654883',TO_TIMESTAMP('1994-01-29 00:00:00.000000000', 'YYYY-MM-DD HH24:MI:SS.FF'),'M','marta.luna@estudiantes.utec.edu.uy','Marta','99123529','usuest74','2023','3','0','1','1');
INSERT INTO "PROYECTO"."USUARIO" (U_TIPO, ID, APELLIDOS, CONTRASENIA, DEPARTAMENTO, DOCUMENTO, FECHA_NACIMIENTO, GENERO, MAIL, NOMBRES, TELEFONO, USUARIO, GENERACION, ID_ITR,VALIDADO ,ID_ROL,ACTIVO) VALUES ('ESTUDIANTE',USUARIO_SEQ.nextval,'Beltrán','123456','Montevideo','52654884',TO_TIMESTAMP('1987-06-12 00:00:00.000000000', 'YYYY-MM-DD HH24:MI:SS.FF'),'M','fabián.beltrán@estudiantes.utec.edu.uy','Fabián','99123530','usuest75','2023','3','1','1','1');
INSERT INTO "PROYECTO"."USUARIO" (U_TIPO, ID, APELLIDOS, CONTRASENIA, DEPARTAMENTO, DOCUMENTO, FECHA_NACIMIENTO, GENERO, MAIL, NOMBRES, TELEFONO, USUARIO, GENERACION, ID_ITR,VALIDADO ,ID_ROL,ACTIVO) VALUES ('ESTUDIANTE',USUARIO_SEQ.nextval,'Pineda','123456','Montevideo','52654885',TO_TIMESTAMP('1991-10-18 00:00:00.000000000', 'YYYY-MM-DD HH24:MI:SS.FF'),'M','olivia.pineda@estudiantes.utec.edu.uy','Olivia','99123531','usuest76','2023','3','0','1','1');
INSERT INTO "PROYECTO"."USUARIO" (U_TIPO, ID, APELLIDOS, CONTRASENIA, DEPARTAMENTO, DOCUMENTO, FECHA_NACIMIENTO, GENERO, MAIL, NOMBRES, TELEFONO, USUARIO, GENERACION, ID_ITR,VALIDADO ,ID_ROL,ACTIVO) VALUES ('ESTUDIANTE',USUARIO_SEQ.nextval,'Ríos','123456','Montevideo','52654886',TO_TIMESTAMP('1983-03-07 00:00:00.000000000', 'YYYY-MM-DD HH24:MI:SS.FF'),'M','isaac.ríos@estudiantes.utec.edu.uy','Isaac','99123532','usuest77','2023','3','1','1','1');
INSERT INTO "PROYECTO"."USUARIO" (U_TIPO, ID, APELLIDOS, CONTRASENIA, DEPARTAMENTO, DOCUMENTO, FECHA_NACIMIENTO, GENERO, MAIL, NOMBRES, TELEFONO, USUARIO, GENERACION, ID_ITR,VALIDADO ,ID_ROL,ACTIVO) VALUES ('ESTUDIANTE',USUARIO_SEQ.nextval,'Cervantes','123456','Montevideo','52654887',TO_TIMESTAMP('1997-07-22 00:00:00.000000000', 'YYYY-MM-DD HH24:MI:SS.FF'),'M','zoe.cervantes@estudiantes.utec.edu.uy','Zoe','99123533','usuest78','2023','3','0','1','1');
INSERT INTO "PROYECTO"."USUARIO" (U_TIPO, ID, APELLIDOS, CONTRASENIA, DEPARTAMENTO, DOCUMENTO, FECHA_NACIMIENTO, GENERO, MAIL, NOMBRES, TELEFONO, USUARIO, GENERACION, ID_ITR,VALIDADO ,ID_ROL,ACTIVO) VALUES ('ESTUDIANTE',USUARIO_SEQ.nextval,'Aguayo','123456','Montevideo','52654888',TO_TIMESTAMP('1990-11-13 00:00:00.000000000', 'YYYY-MM-DD HH24:MI:SS.FF'),'M','simón.aguayo@estudiantes.utec.edu.uy','Simón','99123534','usuest79','2023','3','1','1','1');
INSERT INTO "PROYECTO"."USUARIO" (U_TIPO, ID, APELLIDOS, CONTRASENIA, DEPARTAMENTO, DOCUMENTO, FECHA_NACIMIENTO, GENERO, MAIL, NOMBRES, TELEFONO, USUARIO, GENERACION, ID_ITR,VALIDADO ,ID_ROL,ACTIVO) VALUES ('ESTUDIANTE',USUARIO_SEQ.nextval,'Cárdenas','123456','Montevideo','52654889',TO_TIMESTAMP('1985-05-03 00:00:00.000000000', 'YYYY-MM-DD HH24:MI:SS.FF'),'M','manuela.cárdenas@estudiantes.utec.edu.uy','Manuela','99123535','usuest80','2023','3','0','1','1');
INSERT INTO "PROYECTO"."USUARIO" (U_TIPO, ID, APELLIDOS, CONTRASENIA, DEPARTAMENTO, DOCUMENTO, FECHA_NACIMIENTO, GENERO, MAIL, NOMBRES, TELEFONO, USUARIO, GENERACION, ID_ITR,VALIDADO ,ID_ROL,ACTIVO) VALUES ('ESTUDIANTE',USUARIO_SEQ.nextval,'Ibarra','123456','Montevideo','52654890',TO_TIMESTAMP('1996-09-14 00:00:00.000000000', 'YYYY-MM-DD HH24:MI:SS.FF'),'F','eduardo.ibarra@estudiantes.utec.edu.uy','Eduardo','99123536','usuest81','2023','3','1','1','1');
INSERT INTO "PROYECTO"."USUARIO" (U_TIPO, ID, APELLIDOS, CONTRASENIA, DEPARTAMENTO, DOCUMENTO, FECHA_NACIMIENTO, GENERO, MAIL, NOMBRES, TELEFONO, USUARIO, GENERACION, ID_ITR,VALIDADO ,ID_ROL,ACTIVO) VALUES ('ESTUDIANTE',USUARIO_SEQ.nextval,'Bernal','123456','Montevideo','52654891',TO_TIMESTAMP('1989-02-21 00:00:00.000000000', 'YYYY-MM-DD HH24:MI:SS.FF'),'F','clara.bernal@estudiantes.utec.edu.uy','Clara','99123537','usuest82','2023','3','0','1','1');
INSERT INTO "PROYECTO"."USUARIO" (U_TIPO, ID, APELLIDOS, CONTRASENIA, DEPARTAMENTO, DOCUMENTO, FECHA_NACIMIENTO, GENERO, MAIL, NOMBRES, TELEFONO, USUARIO, GENERACION, ID_ITR,VALIDADO ,ID_ROL,ACTIVO) VALUES ('ESTUDIANTE',USUARIO_SEQ.nextval,'Cordero','123456','Montevideo','52654892',TO_TIMESTAMP('1984-06-07 00:00:00.000000000', 'YYYY-MM-DD HH24:MI:SS.FF'),'F','leonel.cordero@estudiantes.utec.edu.uy','Leonel','99123538','usuest83','2023','3','1','1','1');
INSERT INTO "PROYECTO"."USUARIO" (U_TIPO, ID, APELLIDOS, CONTRASENIA, DEPARTAMENTO, DOCUMENTO, FECHA_NACIMIENTO, GENERO, MAIL, NOMBRES, TELEFONO, USUARIO, GENERACION, ID_ITR,VALIDADO ,ID_ROL,ACTIVO) VALUES ('ESTUDIANTE',USUARIO_SEQ.nextval,'Valencia','123456','Montevideo','52654893',TO_TIMESTAMP('1992-12-08 00:00:00.000000000', 'YYYY-MM-DD HH24:MI:SS.FF'),'F','romina.valencia@estudiantes.utec.edu.uy','Romina','99123539','usuest84','2023','3','0','1','1');
INSERT INTO "PROYECTO"."USUARIO" (U_TIPO, ID, APELLIDOS, CONTRASENIA, DEPARTAMENTO, DOCUMENTO, FECHA_NACIMIENTO, GENERO, MAIL, NOMBRES, TELEFONO, USUARIO, GENERACION, ID_ITR,VALIDADO ,ID_ROL,ACTIVO) VALUES ('ESTUDIANTE',USUARIO_SEQ.nextval,'Rangel','123456','Montevideo','52654894',TO_TIMESTAMP('1990-01-10 00:00:00.000000000', 'YYYY-MM-DD HH24:MI:SS.FF'),'F','alan.rangel@estudiantes.utec.edu.uy','Alan','99123540','usuest85','2023','3','1','1','1');
INSERT INTO "PROYECTO"."USUARIO" (U_TIPO, ID, APELLIDOS, CONTRASENIA, DEPARTAMENTO, DOCUMENTO, FECHA_NACIMIENTO, GENERO, MAIL, NOMBRES, TELEFONO, USUARIO, GENERACION, ID_ITR,VALIDADO ,ID_ROL,ACTIVO) VALUES ('ESTUDIANTE',USUARIO_SEQ.nextval,'Arias','123456','Montevideo','52654895',TO_TIMESTAMP('1995-03-15 00:00:00.000000000', 'YYYY-MM-DD HH24:MI:SS.FF'),'F','amalia.arias@estudiantes.utec.edu.uy','Amalia','99123541','usuest86','2023','3','0','1','1');
INSERT INTO "PROYECTO"."USUARIO" (U_TIPO, ID, APELLIDOS, CONTRASENIA, DEPARTAMENTO, DOCUMENTO, FECHA_NACIMIENTO, GENERO, MAIL, NOMBRES, TELEFONO, USUARIO, GENERACION, ID_ITR,VALIDADO ,ID_ROL,ACTIVO) VALUES ('ESTUDIANTE',USUARIO_SEQ.nextval,'Miranda','123456','Montevideo','52654896',TO_TIMESTAMP('1984-07-01 00:00:00.000000000', 'YYYY-MM-DD HH24:MI:SS.FF'),'F','omar.miranda@estudiantes.utec.edu.uy','Omar','99123542','usuest87','2023','3','1','1','1');
INSERT INTO "PROYECTO"."USUARIO" (U_TIPO, ID, APELLIDOS, CONTRASENIA, DEPARTAMENTO, DOCUMENTO, FECHA_NACIMIENTO, GENERO, MAIL, NOMBRES, TELEFONO, USUARIO, GENERACION, ID_ITR,VALIDADO ,ID_ROL,ACTIVO) VALUES ('ESTUDIANTE',USUARIO_SEQ.nextval,'Corona','123456','Canelones','52654897',TO_TIMESTAMP('1993-11-23 00:00:00.000000000', 'YYYY-MM-DD HH24:MI:SS.FF'),'F','isidora.corona@estudiantes.utec.edu.uy','Isidora','99123543','usuest88','2023','3','0','1','1');
INSERT INTO "PROYECTO"."USUARIO" (U_TIPO, ID, APELLIDOS, CONTRASENIA, DEPARTAMENTO, DOCUMENTO, FECHA_NACIMIENTO, GENERO, MAIL, NOMBRES, TELEFONO, USUARIO, GENERACION, ID_ITR,VALIDADO ,ID_ROL,ACTIVO) VALUES ('ESTUDIANTE',USUARIO_SEQ.nextval,'Fierro','123456','Canelones','52654898',TO_TIMESTAMP('1982-04-16 00:00:00.000000000', 'YYYY-MM-DD HH24:MI:SS.FF'),'F','raúl.fierro@estudiantes.utec.edu.uy','Raúl','99123544','usuest89','2023','3','1','1','1');
INSERT INTO "PROYECTO"."USUARIO" (U_TIPO, ID, APELLIDOS, CONTRASENIA, DEPARTAMENTO, DOCUMENTO, FECHA_NACIMIENTO, GENERO, MAIL, NOMBRES, TELEFONO, USUARIO, GENERACION, ID_ITR,VALIDADO ,ID_ROL,ACTIVO) VALUES ('ESTUDIANTE',USUARIO_SEQ.nextval,'Sandoval','123456','Canelones','52654899',TO_TIMESTAMP('1996-08-08 00:00:00.000000000', 'YYYY-MM-DD HH24:MI:SS.FF'),'F','ema.sandoval@estudiantes.utec.edu.uy','Ema','99123545','usuest90','2023','3','0','1','1');
INSERT INTO "PROYECTO"."USUARIO" (U_TIPO, ID, APELLIDOS, CONTRASENIA, DEPARTAMENTO, DOCUMENTO, FECHA_NACIMIENTO, GENERO, MAIL, NOMBRES, TELEFONO, USUARIO, GENERACION, ID_ITR,VALIDADO ,ID_ROL,ACTIVO) VALUES ('ESTUDIANTE',USUARIO_SEQ.nextval,'Ramírez','123456','Canelones','52654900',TO_TIMESTAMP('1988-02-02 00:00:00.000000000', 'YYYY-MM-DD HH24:MI:SS.FF'),'F','héctor.ramírez@estudiantes.utec.edu.uy','Héctor','99123546','usuest91','2023','3','1','1','1');
INSERT INTO "PROYECTO"."USUARIO" (U_TIPO, ID, APELLIDOS, CONTRASENIA, DEPARTAMENTO, DOCUMENTO, FECHA_NACIMIENTO, GENERO, MAIL, NOMBRES, TELEFONO, USUARIO, GENERACION, ID_ITR,VALIDADO ,ID_ROL,ACTIVO) VALUES ('ESTUDIANTE',USUARIO_SEQ.nextval,'Esparza','123456','Canelones','52654901',TO_TIMESTAMP('1992-05-26 00:00:00.000000000', 'YYYY-MM-DD HH24:MI:SS.FF'),'F','luciana.esparza@estudiantes.utec.edu.uy','Luciana','99123547','usuest92','2023','3','0','1','1');
INSERT INTO "PROYECTO"."USUARIO" (U_TIPO, ID, APELLIDOS, CONTRASENIA, DEPARTAMENTO, DOCUMENTO, FECHA_NACIMIENTO, GENERO, MAIL, NOMBRES, TELEFONO, USUARIO, GENERACION, ID_ITR,VALIDADO ,ID_ROL,ACTIVO) VALUES ('ESTUDIANTE',USUARIO_SEQ.nextval,'Robles','123456','Canelones','52654902',TO_TIMESTAMP('1986-09-27 00:00:00.000000000', 'YYYY-MM-DD HH24:MI:SS.FF'),'F','fernando.robles@estudiantes.utec.edu.uy','Fernando','99123548','usuest93','2023','3','1','1','1');
INSERT INTO "PROYECTO"."USUARIO" (U_TIPO, ID, APELLIDOS, CONTRASENIA, DEPARTAMENTO, DOCUMENTO, FECHA_NACIMIENTO, GENERO, MAIL, NOMBRES, TELEFONO, USUARIO, GENERACION, ID_ITR,VALIDADO ,ID_ROL,ACTIVO) VALUES ('ESTUDIANTE',USUARIO_SEQ.nextval,'Escobedo','123456','Canelones','52654903',TO_TIMESTAMP('1989-12-03 00:00:00.000000000', 'YYYY-MM-DD HH24:MI:SS.FF'),'F','alma.escobedo@estudiantes.utec.edu.uy','Alma','99123549','usuest94','2023','4','0','1','1');
INSERT INTO "PROYECTO"."USUARIO" (U_TIPO, ID, APELLIDOS, CONTRASENIA, DEPARTAMENTO, DOCUMENTO, FECHA_NACIMIENTO, GENERO, MAIL, NOMBRES, TELEFONO, USUARIO, GENERACION, ID_ITR,VALIDADO ,ID_ROL,ACTIVO) VALUES ('ESTUDIANTE',USUARIO_SEQ.nextval,'Franco','123456','Canelones','52654904',TO_TIMESTAMP('1994-01-29 00:00:00.000000000', 'YYYY-MM-DD HH24:MI:SS.FF'),'F','santiago.franco@estudiantes.utec.edu.uy','Santiago','99123550','usuest95','2023','4','1','1','1');
INSERT INTO "PROYECTO"."USUARIO" (U_TIPO, ID, APELLIDOS, CONTRASENIA, DEPARTAMENTO, DOCUMENTO, FECHA_NACIMIENTO, GENERO, MAIL, NOMBRES, TELEFONO, USUARIO, GENERACION, ID_ITR,VALIDADO ,ID_ROL,ACTIVO) VALUES ('ESTUDIANTE',USUARIO_SEQ.nextval,'Galván','123456','Canelones','52654905',TO_TIMESTAMP('1987-06-12 00:00:00.000000000', 'YYYY-MM-DD HH24:MI:SS.FF'),'F','paloma.galván@estudiantes.utec.edu.uy','Paloma','99123551','usuest96','2023','4','0','1','1');
INSERT INTO "PROYECTO"."USUARIO" (U_TIPO, ID, APELLIDOS, CONTRASENIA, DEPARTAMENTO, DOCUMENTO, FECHA_NACIMIENTO, GENERO, MAIL, NOMBRES, TELEFONO, USUARIO, GENERACION, ID_ITR,VALIDADO ,ID_ROL,ACTIVO) VALUES ('ESTUDIANTE',USUARIO_SEQ.nextval,'Cortés','123456','Canelones','52654906',TO_TIMESTAMP('1991-10-18 00:00:00.000000000', 'YYYY-MM-DD HH24:MI:SS.FF'),'F','emiliano.cortés@estudiantes.utec.edu.uy','Emiliano','99123552','usuest97','2023','4','1','1','1');
INSERT INTO "PROYECTO"."USUARIO" (U_TIPO, ID, APELLIDOS, CONTRASENIA, DEPARTAMENTO, DOCUMENTO, FECHA_NACIMIENTO, GENERO, MAIL, NOMBRES, TELEFONO, USUARIO, GENERACION, ID_ITR,VALIDADO ,ID_ROL,ACTIVO) VALUES ('ESTUDIANTE',USUARIO_SEQ.nextval,'Montenegro','123456','Canelones','52654907',TO_TIMESTAMP('1983-03-07 00:00:00.000000000', 'YYYY-MM-DD HH24:MI:SS.FF'),'F','noelia.montenegro@estudiantes.utec.edu.uy','Noelia','99123553','usuest98','2023','4','0','1','1');
INSERT INTO "PROYECTO"."USUARIO" (U_TIPO, ID, APELLIDOS, CONTRASENIA, DEPARTAMENTO, DOCUMENTO, FECHA_NACIMIENTO, GENERO, MAIL, NOMBRES, TELEFONO, USUARIO, GENERACION, ID_ITR,VALIDADO ,ID_ROL,ACTIVO) VALUES ('ESTUDIANTE',USUARIO_SEQ.nextval,'Galindo','123456','Canelones','52654908',TO_TIMESTAMP('1997-07-22 00:00:00.000000000', 'YYYY-MM-DD HH24:MI:SS.FF'),'F','gaspar.galindo@estudiantes.utec.edu.uy','Gaspar','99123554','usuest99','2023','4','1','1','1');
INSERT INTO "PROYECTO"."USUARIO" (U_TIPO, ID, APELLIDOS, CONTRASENIA, DEPARTAMENTO, DOCUMENTO, FECHA_NACIMIENTO, GENERO, MAIL, NOMBRES, TELEFONO, USUARIO, GENERACION, ID_ITR,VALIDADO ,ID_ROL,ACTIVO) VALUES ('ESTUDIANTE',USUARIO_SEQ.nextval,'Castro','123456','Canelones','52654909',TO_TIMESTAMP('1990-11-13 00:00:00.000000000', 'YYYY-MM-DD HH24:MI:SS.FF'),'F','carmen.castro@estudiantes.utec.edu.uy','Carmen','99123555','usuest100','2023','4','0','1','1');


INSERT INTO "PROYECTO"."TIPO_CONSTANCIA" (ID,TIPO, BAJA)
VALUES ('1','Constancia asistencia presencial comun',0);
INSERT INTO "PROYECTO"."TIPO_CONSTANCIA" (ID,TIPO, BAJA)
VALUES ('2','Constancia asistencia presencial prueba',0);
INSERT INTO "PROYECTO"."TIPO_CONSTANCIA" (ID,TIPO, BAJA)
VALUES ('3','Constancia de transporte',0);
INSERT INTO "PROYECTO"."TIPO_CONSTANCIA" (ID,TIPO, BAJA)
VALUES ('4','Constancia de estudiante activo',0);
INSERT INTO "PROYECTO"."TIPO_CONSTANCIA" (ID,TIPO, BAJA)
VALUES ('5','Constancia de examenes',0);
INSERT INTO "PROYECTO"."TIPO_CONSTANCIA" (ID,TIPO, BAJA)
VALUES ('6','Constancia de creditos VME',0);
INSERT INTO "PROYECTO"."TIPO_CONSTANCIA" (ID,TIPO, BAJA)
VALUES ('7','Constancia de creditos UTEC innova',0);
INSERT INTO "PROYECTO"."TIPO_CONSTANCIA" (ID,TIPO, BAJA)
VALUES ('8','Constancia de creditos optativas',0);

-- MODULO 1 GESTION DE USUARIOS

-- REQUERIMIENTO FUNCIONAL 001 001 (Registro de Usuario)
INSERT INTO "PROYECTO"."FUNCIONALIDADES" (ID, DESCRIPCION, NOMBRE) VALUES ('1', 'Registra un usuario', 'REGISTRAR_USUARIO');

-- REQUERIMIENTO FUNCIONAL 001 002 (Listar Usuarios)
INSERT INTO "PROYECTO"."FUNCIONALIDADES" (ID, DESCRIPCION, NOMBRE) VALUES ('2', 'Lista los usuarios', 'LISTAR_USUARIOS');

-- REQUERIMIENTO FUNCIONAL 001 003 (Modificar Usuario)
INSERT INTO "PROYECTO"."FUNCIONALIDADES" (ID, DESCRIPCION, NOMBRE) VALUES ('3', 'Modifica un usuario', 'MODIFICAR_USUARIO');

-- REQUERIMIENTO FUNCIONAL 001 004 (Login de Usuario)
INSERT INTO "PROYECTO"."FUNCIONALIDADES" (ID, DESCRIPCION, NOMBRE) VALUES ('4', 'Loguea un usuario', 'LOGIN_USUARIO');

-- REQUERIMIENTO FUNCIONAL 001 005 (Modificación de datos propios del Usuario)
INSERT INTO "PROYECTO"."FUNCIONALIDADES" (ID, DESCRIPCION, NOMBRE) VALUES ('5', 'Modifica datos de un usuario', 'MODIFICAR_DATOS_USUARIO');

-- REQUERIMIENTO FUNCIONAL 001 006 (Baja de Usuarios)
INSERT INTO "PROYECTO"."FUNCIONALIDADES" (ID, DESCRIPCION, NOMBRE) VALUES ('6', 'Baja un usuario', 'BAJAR_USUARIO');

-- REQUERIMIENTO FUNCIONAL 001 007 (Mantenimiento de lista auxiliar de ITRs) 
INSERT INTO "PROYECTO"."FUNCIONALIDADES" (ID, DESCRIPCION, NOMBRE) VALUES ('7', 'Crea lista auxiliar de ITRs', 'LISTA_AUXILIAR_ITRS');

-- REQUERIMIENTO FUNCIONAL 001 008 (Mantenimiento de lista auxiliar de Tipos de Usuario)
INSERT INTO "PROYECTO"."FUNCIONALIDADES" (ID, DESCRIPCION, NOMBRE) VALUES ('8', 'Crea lista auxiliar de tipos de usuario', 'LISTA_AUXILIAR_TIPOS_USUARIO');

-- MÓDULO 02 GESTIÓN DE EVENTOS

--REQUERIMIENTO FUNCIONAL 002 001 (Alta de Evento) 
INSERT INTO "PROYECTO"."FUNCIONALIDADES" (ID, DESCRIPCION, NOMBRE) VALUES ('9', 'Da de alta un evento', 'ALTA_EVENTO');

--REQUERIMIENTO FUNCIONAL 002 002 (Listado de Eventos) 
INSERT INTO "PROYECTO"."FUNCIONALIDADES" (ID, DESCRIPCION, NOMBRE) VALUES ('10', 'Lista los eventos', 'LISTAR_EVENTOS');

-- REQUERIMIENTO FUNCIONAL 002 003 (Modificación de Eventos)
INSERT INTO "PROYECTO"."FUNCIONALIDADES" (ID, DESCRIPCION, NOMBRE) VALUES ('11', 'Modifica un evento', 'MODIFICAR_EVENTO');

-- REQUERIMIENTO FUNCIONAL 002 004 (Registro de Convocatorias a Eventos) 
INSERT INTO "PROYECTO"."FUNCIONALIDADES" (ID, DESCRIPCION, NOMBRE) VALUES ('12', 'Registra convocatorias a eventos', 'REGISTRAR_CONVOCATORIAS_EVENTO');

--REQUERIMIENTO FUNCIONAL 002 005 (Modificación de Convocatorias a Eventos)
INSERT INTO "PROYECTO"."FUNCIONALIDADES" (ID, DESCRIPCION, NOMBRE) VALUES ('13', 'Permite modificar convocatorias a eventos', 'MODIFICAR_CONVOCATORIAS_EVENTO');

-- REQUERIMIENTO FUNCIONAL 002 006 (Registro de Asistencias a Eventos) 
INSERT INTO "PROYECTO"."FUNCIONALIDADES" (ID, DESCRIPCION, NOMBRE) VALUES ('14', 'Registra asistencias a eventos', 'REGISTRAR_ASISTENCIAS_EVENTO');

-- REQUERIMIENTO FUNCIONAL 002 007 (Baja de Eventos)
INSERT INTO "PROYECTO"."FUNCIONALIDADES" (ID, DESCRIPCION, NOMBRE) VALUES ('15', 'Da de baja un evento', 'DAR_DE_BAJA_EVENTO');

-- REQUERIMIENTO FUNCIONAL 002 008 (Mantenimiento de lista auxiliar de Estados de los Eventos)
INSERT INTO "PROYECTO"."FUNCIONALIDADES" (ID, DESCRIPCION, NOMBRE) VALUES ('16', 'Permite mantener una lista auxiliar de estados de los eventos', 'MANTENIMIENTO_LISTA_AUXILIAR_ESTADOS_EVENTOS');

-- REQUERIMIENTO FUNCIONAL 002 009 (Mantenimiento de lista auxiliar de Modalidades de los Eventos)
INSERT INTO "PROYECTO"."FUNCIONALIDADES" (ID, DESCRIPCION, NOMBRE) VALUES ('17', 'Permite mantener una lista auxiliar de modalidades de los eventos', 'MANTENIMIENTO_LISTA_AUXILIAR_MODALIDADES_EVENTOS');


-- MODULO 03 GESTIÓN DE RECLAMOS

-- REQUERIMIENTO FUNCIONAL 003 001 (Alta de Reclamo)
INSERT INTO "PROYECTO"."FUNCIONALIDADES" (ID, DESCRIPCION, NOMBRE) VALUES ('18', 'Permite dar de alta un reclamo', 'ALTA_RECLAMO');

-- REQUERIMIENTO FUNCIONAL 003 002 (Listado de Reclamos)
INSERT INTO "PROYECTO"."FUNCIONALIDADES" (ID, DESCRIPCION, NOMBRE) VALUES ('19', 'Permite listar los reclamos', 'LISTAR_RECLAMOS');

-- REQUERIMIENTO FUNCIONAL 003 003 (Modificación de Reclamos)
INSERT INTO "PROYECTO"."FUNCIONALIDADES" (ID, DESCRIPCION, NOMBRE) VALUES ('20', 'Permite modificar un reclamo existente', 'MODIFICAR_RECLAMO');

-- REQUERIMIENTO FUNCIONAL 003 004 (Registro de Acciones sobre los Reclamos)
INSERT INTO "PROYECTO"."FUNCIONALIDADES" (ID, DESCRIPCION, NOMBRE) VALUES ('21', 'Permite registrar acciones sobre los reclamos', 'REGISTRAR_ACCIONES_RECLAMO');

-- REQUERIMIENTO FUNCIONAL 003 005 (Modificación de Estado de un Reclamo)
INSERT INTO "PROYECTO"."FUNCIONALIDADES" (ID, DESCRIPCION, NOMBRE) VALUES ('22', 'Permite modificar el estado de un reclamo', 'MODIFICAR_ESTADO_RECLAMO');

-- REQUERIMIENTO FUNCIONAL 003 006 (Baja de Reclamos)
INSERT INTO "PROYECTO"."FUNCIONALIDADES" (ID, DESCRIPCION, NOMBRE) VALUES ('23', 'Permite dar de baja un reclamo', 'DAR_DE_BAJA_RECLAMO');

-- REQUERIMIENTO FUNCIONAL 003 007 (Mantenimiento de lista auxiliar de Estados de los Reclamos, las Solicitudes de Constancias y las Justificaciones)
INSERT INTO "PROYECTO"."FUNCIONALIDADES" (ID, DESCRIPCION, NOMBRE) VALUES ('24', 'Permite mantener una lista auxiliar de estados de los reclamos, las solicitudes de constancias y las justificaciones', 'MANTENIMIENTO_LISTA_AUXILIAR_ESTADOS_RECLAMOS_SOLICITUDES_CONSTANCIAS_JUSTIFICACIONES');

-- MÓDULO 04 GESTIÓN DE CONSTANCIAS
-- REQUERIMIENTO FUNCIONAL 004 001 (Solicitud de Constancia)
INSERT INTO "PROYECTO"."FUNCIONALIDADES" (ID, DESCRIPCION, NOMBRE) VALUES ('25', 'Permite solicitar una constancia', 'SOLICITAR_CONSTANCIA');

-- REQUERIMIENTO FUNCIONAL 004 002 (Listado de Solicitudes de Constancias)
INSERT INTO "PROYECTO"."FUNCIONALIDADES" (ID, DESCRIPCION, NOMBRE) VALUES ('26', 'Permite listar las solicitudes de constancias', 'LISTAR_SOLICITUDES_CONSTANCIAS');

-- REQUERIMIENTO FUNCIONAL 004 003 (Modificación de Solicitudes de Constancias)
INSERT INTO "PROYECTO"."FUNCIONALIDADES" (ID, DESCRIPCION, NOMBRE) VALUES ('27', 'Permite modificar una solicitud de constancia existente', 'MODIFICAR_SOLICITUD_CONSTANCIA');

-- REQUERIMIENTO FUNCIONAL 004 004 (Registro de Acciones sobre las Solicitudes de Constancias)
INSERT INTO "PROYECTO"."FUNCIONALIDADES" (ID, DESCRIPCION, NOMBRE) VALUES ('28', 'Permite registrar acciones sobre las solicitudes de constancias', 'REGISTRAR_ACCIONES_SOLICITUD_CONSTANCIA');

-- REQUERIMIENTO FUNCIONAL 004 005 (Modificación de estado de una Solicitud de Constancia o Justificación)
INSERT INTO "PROYECTO"."FUNCIONALIDADES" (ID, DESCRIPCION, NOMBRE) VALUES ('29', 'Permite modificar el estado de una solicitud de constancia o justificación', 'MODIFICAR_ESTADO_SOLICITUD_CONSTANCIA_JUSTIFICACION');

-- REQUERIMIENTO FUNCIONAL 004 006 (Baja de Solicitudes de Constancias)
INSERT INTO "PROYECTO"."FUNCIONALIDADES" (ID, DESCRIPCION, NOMBRE) VALUES ('30', 'Permite dar de baja una solicitud de constancia', 'DAR_DE_BAJA_SOLICITUD_CONSTANCIA');

-- REQUERIMIENTO FUNCIONAL 004 007 (Mantenimiento de lista auxiliar de Tipos de Constancia)
INSERT INTO "PROYECTO"."FUNCIONALIDADES" (ID, DESCRIPCION, NOMBRE) VALUES ('31', 'Permite mantener una lista auxiliar de tipos de constancia', 'MANTENIMIENTO_LISTA_AUXILIAR_TIPOS_CONSTANCIA');

-- REQUERIMIENTO FUNCIONAL 004 008 (Mantenimiento Plantillas de Constancias)
INSERT INTO "PROYECTO"."FUNCIONALIDADES" (ID, DESCRIPCION, NOMBRE) VALUES ('32', 'Permite mantener plantillas de constancias', 'MANTENIMIENTO_PLANTILLAS_CONSTANCIAS');

-- REQUERIMIENTO FUNCIONAL 004 009 (Emisión de Constancia)
INSERT INTO "PROYECTO"."FUNCIONALIDADES" (ID, DESCRIPCION, NOMBRE) VALUES ('33', 'Permite emitir una constancia', 'EMITIR_CONSTANCIA');



-- MÓDULO 05 GESTION DE JUSTIFICACIÓN DE INASISTENCIAS ↓


-- REQUERIMIENTO FUNCIONAL 005 001 (Ingreso de Justificación de Inasistencia)
INSERT INTO "PROYECTO"."FUNCIONALIDADES" (ID, DESCRIPCION, NOMBRE) VALUES ('34', 'Permite ingresar una justificación de inasistencia', 'INGRESAR_JUSTIFICACION_INASISTENCIA');

-- REQUERIMIENTO FUNCIONAL 005 002 (Listado de Justificaciones de Inasistencias presentadas)
INSERT INTO "PROYECTO"."FUNCIONALIDADES" (ID, DESCRIPCION, NOMBRE) VALUES ('35', 'Permite listar las justificaciones de inasistencias presentadas', 'LISTAR_JUSTIFICACIONES_INASISTENCIAS');

-- REQUERIMIENTO FUNCIONAL 005 003 (Modificación de Justificaciones de Inasistencias)
INSERT INTO "PROYECTO"."FUNCIONALIDADES" (ID, DESCRIPCION, NOMBRE) VALUES ('36', 'Permite modificar una justificación de inasistencia existente', 'MODIFICAR_JUSTIFICACION_INASISTENCIA');

-- REQUERIMIENTO FUNCIONAL 005 004 (Registro de Acciones sobre las Justificaciones presentadas)
INSERT INTO "PROYECTO"."FUNCIONALIDADES" (ID, DESCRIPCION, NOMBRE) VALUES ('37', 'Permite registrar acciones sobre las justificaciones de inasistencias presentadas', 'REGISTRAR_ACCIONES_JUSTIFICACION_INASISTENCIA');

-- REQUERIMIENTO FUNCIONAL 005 005 (Modificación de estado de una Justificación de Inasistencia)
INSERT INTO "PROYECTO"."FUNCIONALIDADES" (ID, DESCRIPCION, NOMBRE) VALUES ('38', 'Permite modificar el estado de una justificación de inasistencia', 'MODIFICAR_ESTADO_JUSTIFICACION_INASISTENCIA');

-- FUNCIONAL 005 006 (Baja de Justificación de Inasistencia)
INSERT INTO "PROYECTO"."FUNCIONALIDADES" (ID, DESCRIPCION, NOMBRE) VALUES ('39', 'Permite dar de baja una justificación de inasistencia', 'DAR_DE_BAJA_JUSTIFICACION_INASISTENCIA');


-- MÓDULO 06 REPORTES

-- REQUERIMIENTO FUNCIONAL 006 001 (Listar asistencias por estudiantes a los eventos)
INSERT INTO "PROYECTO"."FUNCIONALIDADES" (ID, DESCRIPCION, NOMBRE) VALUES ('40', 'Permite listar las asistencias por estudiantes a los eventos', 'LISTAR_ASISTENCIAS_ESTUDIANTES_EVENTOS');

-- REQUERIMIENTO FUNCIONAL 006 002 (Escolaridad por estudiante)
INSERT INTO "PROYECTO"."FUNCIONALIDADES" (ID, DESCRIPCION, NOMBRE) VALUES ('41', 'Permite generar un reporte de escolaridad por estudiante', 'GENERAR_REPORTE_ESCOLARIDAD_ESTUDIANTE');

-- REQUERIMIENTO FUNCIONAL 006 003 (Listados Analítico de reclamos)
INSERT INTO "PROYECTO"."FUNCIONALIDADES" (ID, DESCRIPCION, NOMBRE) VALUES ('42', 'Permite generar listados analíticos de reclamos', 'GENERAR_LISTADOS_ANALITICOS_RECLAMOS');

